registrable_domain,traffic_tier_raw,country_raw,source_file,raw_host
1800petmeds.com,"10,000+",ğŸ‡ºğŸ‡¸ United States,builtwith-2026-02-18 (1).json,1800petmeds.com
3m.com,Very High,ğŸ‡ºğŸ‡¸ United States,builtwith-2026-02-18.json,3m.com
511tactical.com,"100,000+",ğŸ‡ºğŸ‡¸ United States,builtwith-2026-02-18 (1).json,511tactical.com
53.com,$10000+,ğŸ‡ºğŸ‡¸ United States,builtwith-2026-02-18.json,53.com
8x8.com,Very High,ğŸ‡ºğŸ‡¸ United States,builtwith-2026-02-18.json,8x8.com
aa.com,$10000+,ğŸ‡ºğŸ‡¸ United States,builtwith-2026-02-18.json,aa.com
aarp.org,Very High,ğŸ‡ºğŸ‡¸ United States,builtwith-2026-02-18.json,aarp.org
abbott.com,Very High,ğŸ‡ºğŸ‡¸ United States,builtwith-2026-02-18.json,abbott.com
abbvie.com,High,ğŸ‡ºğŸ‡¸ United States,builtwith-2026-02-18.json,abbvie.com
abercrombie.com,Very High,ğŸ‡ºğŸ‡¸ United States,builtwith-2026-02-18.json,abercrombie.com
academy.com,Very High,ğŸ‡ºğŸ‡¸ United States,builtwith-2026-02-18.json,academy.com
accenture.com,Very High,ğŸ‡ºğŸ‡¸ United States,builtwith-2026-02-18.json,accenture.com
acer.com,"500,000+",ğŸ‡¨ğŸ‡¦,builtwith-2026-02-18.json,acer.com
acquadiparma.com,10+,ğŸ‡®ğŸ‡¹,builtwith-2026-02-18 (1).json,acquadiparma.com
acs.org,"2,000+",ğŸ‡ºğŸ‡¸ United States,builtwith-2026-02-18.json,acs.org
activision.com,"4,689",,builtwith-2026-02-18 (3).json,careers.activision.com
acu.edu,High,ğŸ‡ºğŸ‡¸ United States,builtwith-2026-02-18.json,acu.edu
adecco.com,High,ğŸ‡ºğŸ‡¸ United States,builtwith-2026-02-18.json,adecco.com
adp.com,"5,000+",ğŸ‡ºğŸ‡¸ United States,builtwith-2026-02-18.json,adp.com
adt.com,"20,000+",ğŸ‡ºğŸ‡¸ United States,builtwith-2026-02-18.json,adt.com
adtran.com,"5,000+",ğŸ‡ºğŸ‡¸ United States,builtwith-2026-02-18 (1).json,adtran.com
ae.com,High,ğŸ‡ºğŸ‡¸ United States,builtwith-2026-02-18.json,ae.com
aerogarden.com,"5,000+",ğŸ‡ºğŸ‡¸ United States,builtwith-2026-02-18.json,aerogarden.com
aeropostale.com,"500,000+",ğŸ‡ºğŸ‡¸ United States,builtwith-2026-02-18 (1).json,aeropostale.com
aesop.com,"750,000+",ğŸ‡©ğŸ‡ª,builtwith-2026-02-18 (1).json,aesop.com
aetna.com,Very High,ğŸ‡ºğŸ‡¸ United States,builtwith-2026-02-18.json,aetna.com
agcocorp.com,High,ğŸ‡ºğŸ‡¸ United States,builtwith-2026-02-18.json,agcocorp.com
agilent.com,High,ğŸ‡ºğŸ‡¸ United States,builtwith-2026-02-18.json,agilent.com
agl.com.au,"20,000+",ğŸ‡¦ğŸ‡º Australia,builtwith-2026-02-18.json,agl.com.au
aia.com.au,"2,000+",ğŸ‡¦ğŸ‡º Australia,builtwith-2026-02-18.json,aia.com.au
aia.org,"150,000+",ğŸ‡ºğŸ‡¸ United States,builtwith-2026-02-18 (1).json,aia.org
aig.com,"2,000+",ğŸ‡ºğŸ‡¸ United States,builtwith-2026-02-18.json,aig.com
akamai.com,Very High,ğŸ‡©ğŸ‡ª,builtwith-2026-02-18.json,akamai.com
akc.org,"50,000+",ğŸ‡ºğŸ‡¸ United States,builtwith-2026-02-18.json,akc.org
alanui.it,"100,000+",ğŸ‡ºğŸ‡¸ United States,builtwith-2026-02-18 (1).json,alanui.it
alaskaair.com,Very High,ğŸ‡ºğŸ‡¸ United States,builtwith-2026-02-18.json,alaskaair.com
aldi.us,"100,000+",ğŸ‡ºğŸ‡¸ United States,builtwith-2026-02-18 (1).json,aldi.us
alexanderwang.com,"500,000+",ğŸ‡ºğŸ‡¸ United States,builtwith-2026-02-18 (1).json,alexanderwang.com
ally.com,Very High,ğŸ‡ºğŸ‡¸ United States,builtwith-2026-02-18.json,ally.com
altium.com,782+,,builtwith-2026-02-18 (3).json,auth.altium.com
amadeus.com,High,ğŸ‡ºğŸ‡¸ United States,builtwith-2026-02-18.json,amadeus.com
amana.com,"5,000+",ğŸ‡ºğŸ‡¸ United States,builtwith-2026-02-18 (1).json,amana.com
amd.com,"1,000+",ğŸ‡ºğŸ‡¸ United States,builtwith-2026-02-18.json,amd.com
amorepacific.com,"2,000+",ğŸ‡°ğŸ‡·,builtwith-2026-02-18 (1).json,amorepacific.com
amp.com.au,"2,000+",ğŸ‡¦ğŸ‡º Australia,builtwith-2026-02-18.json,amp.com.au
amplifon.com,0+,ğŸ‡©ğŸ‡ª,builtwith-2026-02-18.json,amplifon.com
amplitude.com,"10,000+",ğŸ‡«ğŸ‡·,builtwith-2026-02-18.json,amplitude.com
amtrak.com,"300,000+",ğŸ‡ºğŸ‡¸ United States,builtwith-2026-02-18.json,amtrak.com
anaplan.com,"2,000+",ğŸ‡«ğŸ‡·,builtwith-2026-02-18.json,anaplan.com
anixter.com,High,ğŸ‡ºğŸ‡¸ United States,builtwith-2026-02-18.json,anixter.com
ansell.com,"5,000+",ğŸ‡ºğŸ‡¸ United States,builtwith-2026-02-18.json,ansell.com
anthem.com,High,ğŸ‡ºğŸ‡¸ United States,builtwith-2026-02-18.json,anthem.com
aon.com,"2,000+",ğŸ‡¦ğŸ‡º Australia,builtwith-2026-02-18.json,aon.com
appdynamics.com,Very High,ğŸ‡ºğŸ‡¸ United States,builtwith-2026-02-18.json,appdynamics.com
aramex.com,"150,000+",ğŸ‡³ğŸ‡±,builtwith-2026-02-18.json,aramex.com
argos.co.uk,Very High,ğŸ‡¬ğŸ‡§,builtwith-2026-02-18 (1).json,argos.co.uk
arista.com,"28,930",,builtwith-2026-02-18 (3).json,launchpad.edge.arista.com
arla.com,Medium,ğŸ‡©ğŸ‡°,builtwith-2026-02-18 (1).json,arla.com
arm.com,High,ğŸ‡¬ğŸ‡§,builtwith-2026-02-18.json,arm.com
aroma360.com,500+,ğŸ‡ºğŸ‡¸ United States,builtwith-2026-02-18 (1).json,aroma360.com
arper.com,"5,000+",ğŸ‡ºğŸ‡¸ United States,builtwith-2026-02-18 (1).json,arper.com
arrow.com,High,ğŸ‡ºğŸ‡¸ United States,builtwith-2026-02-18.json,arrow.com
artofliving.org,"271,062+",,builtwith-2026-02-18 (3).json,report.europe.artofliving.org
arup.com,"50,000+",ğŸ‡¬ğŸ‡§,builtwith-2026-02-18.json,arup.com
asana.com,"100,000+",ğŸ‡ºğŸ‡¸ United States,builtwith-2026-02-18.json,asana.com
asda.com,Very High,ğŸ‡¬ğŸ‡§,builtwith-2026-02-18.json,asda.com
ashleyfurniture.com,"10,000+",ğŸ‡ºğŸ‡¸ United States,builtwith-2026-02-18 (1).json,ashleyfurniture.com
asics.com,"100,000+",ğŸ‡¯ğŸ‡µ,builtwith-2026-02-18.json,asics.com
athome.com,"10,000+",ğŸ‡ºğŸ‡¸ United States,builtwith-2026-02-18 (1).json,athome.com
atlascopco.com,"20,000+",ğŸ‡¸ğŸ‡ª,builtwith-2026-02-18.json,atlascopco.com
audible.com,Very High,ğŸ‡ºğŸ‡¸ United States,builtwith-2026-02-18 (1).json,audible.com
audible.com.au,"2,000+",ğŸ‡¦ğŸ‡º Australia,builtwith-2026-02-18 (1).json,audible.com.au
audible.fr,"2,000+",ğŸ‡©ğŸ‡ª,builtwith-2026-02-18 (1).json,audible.fr
austrian.com,"100,000+",ğŸ‡¦ğŸ‡¹,builtwith-2026-02-18 (1).json,austrian.com
autodesk.com,Very High,ğŸ‡ºğŸ‡¸ United States,builtwith-2026-02-18.json,autodesk.com
automationanywhere.com,High,ğŸ‡ºğŸ‡¸ United States,builtwith-2026-02-18.json,automationanywhere.com
avalara.com,High,ğŸ‡ºğŸ‡¸ United States,builtwith-2026-02-18.json,avalara.com
avantorsciences.com,High,ğŸ‡ºğŸ‡¸ United States,builtwith-2026-02-18 (1).json,avantorsciences.com
avast.com,"1,000+",ğŸ‡¨ğŸ‡¿,builtwith-2026-02-18.json,avast.com
avaya.com,High,ğŸ‡ºğŸ‡¸ United States,builtwith-2026-02-18.json,avaya.com
avenue.com,"2,000+",ğŸ‡ºğŸ‡¸ United States,builtwith-2026-02-18 (1).json,avenue.com
aviationweek.com,High,,builtwith-2026-02-18 (1).json,aviationweek.com
avidxchange.com,"2,000+",ğŸ‡ºğŸ‡¸ United States,builtwith-2026-02-18.json,avidxchange.com
avira.com,"20,000+",ğŸ‡©ğŸ‡ª,builtwith-2026-02-18.json,avira.com
avis.com,High,ğŸ‡ºğŸ‡¸ United States,builtwith-2026-02-18.json,avis.com
avnet.com,High,ğŸ‡ºğŸ‡¸ United States,builtwith-2026-02-18.json,avnet.com
babybunting.com.au,"100,000+",ğŸ‡¦ğŸ‡º Australia,builtwith-2026-02-18 (1).json,babybunting.com.au
baesystems.com,High,ğŸ‡ºğŸ‡¸ United States,builtwith-2026-02-18.json,baesystems.com
bakerhughes.com,High,ğŸ‡ºğŸ‡¸ United States,builtwith-2026-02-18.json,bakerhughes.com
ballarddesigns.com,"5,000+",ğŸ‡ºğŸ‡¸ United States,builtwith-2026-02-18 (1).json,ballarddesigns.com
balmain.com,"500,000+",ğŸ‡«ğŸ‡·,builtwith-2026-02-18 (1).json,balmain.com
bankofamerica.com,Very High,ğŸ‡ºğŸ‡¸ United States,builtwith-2026-02-18.json,bankofamerica.com
banter.com,0+,ğŸ‡ºğŸ‡¸ United States,builtwith-2026-02-18 (1).json,banter.com
barbequesgalore.com.au,Medium,ğŸ‡¦ğŸ‡º Australia,builtwith-2026-02-18 (1).json,barbequesgalore.com.au
barcelo.com,High,ğŸ‡ªğŸ‡¸,builtwith-2026-02-18.json,barcelo.com
bata.com,"5,000+",ğŸ‡®ğŸ‡¹,builtwith-2026-02-18 (1).json,bata.com
bathandbodyworks.com,High,ğŸ‡ºğŸ‡¸ United States,builtwith-2026-02-18 (1).json,bathandbodyworks.com
baxter.com,High,ğŸ‡ºğŸ‡¸ United States,builtwith-2026-02-18.json,baxter.com
bayer.com,Very High,ğŸ‡¨ğŸ‡¦,builtwith-2026-02-18.json,bayer.com
bayliner.com,Medium,ğŸ‡ºğŸ‡¸ United States,builtwith-2026-02-18.json,bayliner.com
bcg.com,"500,000+",ğŸ‡ºğŸ‡¸ United States,builtwith-2026-02-18.json,bcg.com
bd.com,"10,000+",ğŸ‡ºğŸ‡¸ United States,builtwith-2026-02-18.json,bd.com
belkin.com,"50,000+",ğŸ‡ºğŸ‡¸ United States,builtwith-2026-02-18 (1).json,belkin.com
bell.ca,Very High,ğŸ‡¨ğŸ‡¦,builtwith-2026-02-18.json,bell.ca
benchmade.com,"50,000+",ğŸ‡ºğŸ‡¸ United States,builtwith-2026-02-18 (1).json,benchmade.com
benetton.com,"20,000+",ğŸ‡ºğŸ‡¸ United States,builtwith-2026-02-18 (1).json,benetton.com
bergdorfgoodman.com,10+,ğŸ‡ºğŸ‡¸ United States,builtwith-2026-02-18 (1).json,bergdorfgoodman.com
bestbuy.ca,High,ï¿½ï¿½ğŸ‡¦,builtwith-2026-02-18 (1).json,bestbuy.ca
bestbuy.com,Very High,ğŸ‡ºğŸ‡¸ United States,builtwith-2026-02-18 (1).json,bestbuy.com
bigcommerce.com,Very High,ğŸ‡ºğŸ‡¸ United States,builtwith-2026-02-18.json,bigcommerce.com
bigfishgames.com,High,ğŸ‡ºğŸ‡¸ United States,builtwith-2026-02-18 (1).json,bigfishgames.com
bio-rad.com,High,ğŸ‡¦ğŸ‡º Australia,builtwith-2026-02-18 (1).json,bio-rad.com
biomerieux.com,High,ğŸ‡«ğŸ‡·,builtwith-2026-02-18.json,biomerieux.com
birkenstock.com,High,,builtwith-2026-02-18 (1).json,birkenstock.com
bissell.com,"10,000+",ğŸ‡ºğŸ‡¸ United States,builtwith-2026-02-18 (1).json,bissell.com
bizjournals.com,Very High,ğŸ‡ºğŸ‡¸ United States,builtwith-2026-02-18.json,bizjournals.com
bjs.com,High,ğŸ‡ºğŸ‡¸ United States,builtwith-2026-02-18 (1).json,bjs.com
blackbaud.com,"20,000+",ğŸ‡¬ğŸ‡§,builtwith-2026-02-18.json,blackbaud.com
blackberry.com,Very High,,builtwith-2026-02-18.json,blackberry.com
blackrock.com,Very High,ğŸ‡ºğŸ‡¸ United States,builtwith-2026-02-18.json,blackrock.com
blackwoods.com.au,Medium,ğŸ‡¦ğŸ‡º Australia,builtwith-2026-02-18 (1).json,blackwoods.com.au
bloomberg.com,"750,000+",ğŸ‡ºğŸ‡¸ United States,builtwith-2026-02-18.json,bloomberg.com
bloomingdales.com,"300,000+",ğŸ‡ºğŸ‡¸ United States,builtwith-2026-02-18.json,bloomingdales.com
bluemercury.com,"10,000+",ğŸ‡ºğŸ‡¸ United States,builtwith-2026-02-18 (1).json,bluemercury.com
blundstone.com.au,"1,000+",ğŸ‡¦ğŸ‡º Australia,builtwith-2026-02-18 (1).json,blundstone.com.au
bmc.com,High,ğŸ‡ºğŸ‡¸ United States,builtwith-2026-02-18.json,bmc.com
bmo.com,High,ğŸ‡¨ğŸ‡¦,builtwith-2026-02-18.json,bmo.com
bms.com,"150,000+",ğŸ‡ºğŸ‡¸ United States,builtwith-2026-02-18.json,bms.com
bmw.at,"10,000+",ğŸ‡©ğŸ‡ª,builtwith-2026-02-18.json,bmw.at
bmw.be,"20,000+",ğŸ‡§ğŸ‡ª,builtwith-2026-02-18 (1).json,bmw.be
bmw.ch,Medium,ğŸ‡¨ğŸ‡­,builtwith-2026-02-18 (1).json,bmw.ch
bmw.com,High,ğŸ‡©ğŸ‡ª,builtwith-2026-02-18.json,bmw.com
bmw.com.au,Medium,ğŸ‡¦ğŸ‡º Australia,builtwith-2026-02-18.json,bmw.com.au
bmw.cz,Medium,ğŸ‡¨ğŸ‡¿,builtwith-2026-02-18 (1).json,bmw.cz
bmw.lu,Medium,ğŸ‡±ğŸ‡º Luxembourg,builtwith-2026-02-18 (1).json,bmw.lu
bmw.nl,"20,000+",ğŸ‡³ğŸ‡±,builtwith-2026-02-18 (1).json,bmw.nl
bmw.pl,"5,000+",ğŸ‡©ğŸ‡ª,builtwith-2026-02-18 (1).json,bmw.pl
bmw.sk,"2,000+",ğŸ‡¸ğŸ‡°,builtwith-2026-02-18 (1).json,bmw.sk
bnpparibas.com,"50,000+",ğŸ‡«ğŸ‡·,builtwith-2026-02-18.json,bnpparibas.com
boden.com,"20,000+",ğŸ‡¬ğŸ‡§,builtwith-2026-02-18 (1).json,boden.com
boohoo.com,"10,000,000+",ğŸ‡¬ğŸ‡§,builtwith-2026-02-18 (1).json,boohoo.com
boomi.com,High,ğŸ‡ºğŸ‡¸ United States,builtwith-2026-02-18.json,boomi.com
boots.com,Very High,ğŸ‡¬ğŸ‡§,builtwith-2026-02-18 (1).json,boots.com
boots.ie,High,ğŸ‡®ğŸ‡ª,builtwith-2026-02-18 (1).json,boots.ie
boozallen.com,High,ğŸ‡ºğŸ‡¸ United States,builtwith-2026-02-18.json,boozallen.com
boq.com.au,High,ğŸ‡¦ğŸ‡º Australia,builtwith-2026-02-18.json,boq.com.au
bose.com,"200,000+",ğŸ‡ºğŸ‡¸ United States,builtwith-2026-02-18.json,bose.com
bottegaveneta.com,"50,000+",ğŸ‡¬ğŸ‡·,builtwith-2026-02-18 (1).json,bottegaveneta.com
bowflex.com,"10,000+",ğŸ‡ºğŸ‡¸ United States,builtwith-2026-02-18 (1).json,bowflex.com
boxlunch.com,"50,000+",ğŸ‡ºğŸ‡¸ United States,builtwith-2026-02-18 (1).json,boxlunch.com
bp.com,"100,000+",ğŸ‡¬ğŸ‡§,builtwith-2026-02-18.json,bp.com
breville.com,"1,000+",ğŸ‡¦ğŸ‡º Australia,builtwith-2026-02-18.json,breville.com
bridgestone.com,"5,000+",ğŸ‡¯ğŸ‡µ,builtwith-2026-02-18 (1).json,bridgestone.com
britishairways.com,Very High,ğŸ‡¬ğŸ‡§,builtwith-2026-02-18.json,britishairways.com
broadcom.com,Very High,ğŸ‡ºğŸ‡¸ United States,builtwith-2026-02-18.json,broadcom.com
broadridge.com,High,ğŸ‡¬ğŸ‡§,builtwith-2026-02-18.json,broadridge.com
brooksrunning.com,"750,000+",ğŸ‡ºğŸ‡¸ United States,builtwith-2026-02-18.json,brooksrunning.com
brother.ca,250+,ğŸ‡¨ğŸ‡¦,builtwith-2026-02-18 (1).json,brother.ca
brp.com,"10,000+",ğŸ‡ºğŸ‡¸ United States,builtwith-2026-02-18.json,brp.com
brusselsairlines.com,"50,000+",ğŸ‡§ğŸ‡ª,builtwith-2026-02-18 (1).json,brusselsairlines.com
bugaboo.com,"10,000+",ğŸ‡ºğŸ‡¸ United States,builtwith-2026-02-18 (1).json,bugaboo.com
buildabear.co.uk,"100,000+",ğŸ‡¬ğŸ‡§,builtwith-2026-02-18 (1).json,buildabear.co.uk
buildabear.com,"50,000+",ğŸ‡ºğŸ‡¸ United States,builtwith-2026-02-18.json,buildabear.com
bulgari.com,"750,000+",ğŸ‡ºğŸ‡¸ United States,builtwith-2026-02-18 (1).json,bulgari.com
bupa.com.au,High,ğŸ‡¦ğŸ‡º Australia,builtwith-2026-02-18.json,bupa.com.au
burton.com,"2,000+",ğŸ‡ºğŸ‡¸ United States,builtwith-2026-02-18 (1).json,burton.com
cabelas.com,"400,000+",ğŸ‡ºğŸ‡¸ United States,builtwith-2026-02-18.json,cabelas.com
cadence.com,High,ğŸ‡ºğŸ‡¸ United States,builtwith-2026-02-18.json,cadence.com
caleres.com,Medium,ğŸ‡ºğŸ‡¸ United States,builtwith-2026-02-18 (1).json,caleres.com
callawaygolf.com,High,ğŸ‡ºğŸ‡¸ United States,builtwith-2026-02-18 (1).json,callawaygolf.com
calvinklein.ca,Medium,ğŸ‡ºğŸ‡¸ United States,builtwith-2026-02-18 (1).json,calvinklein.ca
calvinklein.com,High,ğŸ‡ºğŸ‡¸ United States,builtwith-2026-02-18.json,calvinklein.com
calvinklein.us,"3,000,000+",ğŸ‡ºğŸ‡¸ United States,builtwith-2026-02-18.json,calvinklein.us
canadiantire.ca,Very High,ğŸ‡¨ğŸ‡¦,builtwith-2026-02-18.json,canadiantire.ca
candlewoodsuites.com,"871,011",,builtwith-2026-02-18 (3).json,candlewoodsuites.com
canon.com,Very High,ğŸ‡ºğŸ‡¸ United States,builtwith-2026-02-18.json,canon.com
canon.com.au,"20,000+",ğŸ‡¦ğŸ‡º Australia,builtwith-2026-02-18 (1).json,canon.com.au
canon.de,"2,000+",ğŸ‡©ğŸ‡ª,builtwith-2026-02-18 (1).json,canon.de
canon.dk,"2,000+",ğŸ‡³ğŸ‡±,builtwith-2026-02-18 (1).json,canon.dk
canon.es,"20,000+",ğŸ‡ªğŸ‡¸,builtwith-2026-02-18 (1).json,canon.es
canon.fi,"2,000+",ğŸ‡«ğŸ‡®,builtwith-2026-02-18 (1).json,canon.fi
canon.se,"2,000+",ğŸ‡¸ğŸ‡ª,builtwith-2026-02-18 (1).json,canon.se
cardinalhealth.com,High,ğŸ‡ºğŸ‡¸ United States,builtwith-2026-02-18.json,cardinalhealth.com
caremark.com,$10000+,ğŸ‡ºğŸ‡¸ United States,builtwith-2026-02-18.json,caremark.com
carhartt.com,"50,000+",ğŸ‡ºğŸ‡¸ United States,builtwith-2026-02-18.json,carhartt.com
carparts.com,781+,,builtwith-2026-02-18 (3).json,carparts.com
carters.com,High,ğŸ‡ºğŸ‡¸ United States,builtwith-2026-02-18 (1).json,carters.com
cartier.com,"400,000+",ğŸ‡«ğŸ‡·,builtwith-2026-02-18.json,cartier.com
cat.com,"2,000+",ğŸ‡ºğŸ‡¸ United States,builtwith-2026-02-18.json,cat.com
cathaypacific.com,"500,000+",ğŸ‡­ğŸ‡°,builtwith-2026-02-18.json,cathaypacific.com
cb2.ca,"50,000+",ğŸ‡¨ğŸ‡¦,builtwith-2026-02-18 (1).json,cb2.ca
cb2.com,High,ğŸ‡ºğŸ‡¸ United States,builtwith-2026-02-18.json,cb2.com
cbre.com,High,ğŸ‡ºğŸ‡¸ United States,builtwith-2026-02-18.json,cbre.com
ccleaner.com,High,ğŸ‡ºğŸ‡¸ United States,builtwith-2026-02-18.json,ccleaner.com
cdn-cookieyes.com,Very High,,builtwith-2026-02-18.json,cdn-cookieyes.com
cdwg.com,Medium,ğŸ‡ºğŸ‡¸ United States,builtwith-2026-02-18 (1).json,cdwg.com
celine.com,"2,000,000+",ğŸ‡«ğŸ‡·,builtwith-2026-02-18 (1).json,celine.com
cellsignal.com,"5,000+",ğŸ‡ºğŸ‡¸ United States,builtwith-2026-02-18 (1).json,cellsignal.com
cepheid.com,"10,000+",ğŸ‡ºğŸ‡¸ United States,builtwith-2026-02-18 (1).json,cepheid.com
ceridian.com,"10,000+",ğŸ‡ºğŸ‡¸ United States,builtwith-2026-02-18.json,ceridian.com
chamberlain.com,"2,000+",ğŸ‡ºğŸ‡¸ United States,builtwith-2026-02-18 (1).json,chamberlain.com
chanel.com,"10,000,000+",ğŸ‡«ğŸ‡·,builtwith-2026-02-18 (1).json,chanel.com
charlestyrwhitt.com,"200,000+",ğŸ‡¬ğŸ‡§,builtwith-2026-02-18 (1).json,charlestyrwhitt.com
chase.com,"300,000+",ğŸ‡ºğŸ‡¸ United States,builtwith-2026-02-18.json,chase.com
childrensplace.com,"50,000+",ğŸ‡ºğŸ‡¸ United States,builtwith-2026-02-18 (1).json,childrensplace.com
choice.com.au,High,ğŸ‡¦ğŸ‡º Australia,builtwith-2026-02-18 (1).json,choice.com.au
choicehotels.com,"50,000+",ğŸ‡ºğŸ‡¸ United States,builtwith-2026-02-18.json,choicehotels.com
chrobinson.com,High,ğŸ‡ºğŸ‡¸ United States,builtwith-2026-02-18.json,chrobinson.com
chrysler.com,High,ğŸ‡ºğŸ‡¸ United States,builtwith-2026-02-18.json,chrysler.com
chubb.com,High,ğŸ‡ºğŸ‡¸ United States,builtwith-2026-02-18.json,chubb.com
chubbiesshorts.com,100+,ğŸ‡ºğŸ‡¸ United States,builtwith-2026-02-18 (1).json,chubbiesshorts.com
cibc.com,"1,000+",ğŸ‡¨ğŸ‡¦,builtwith-2026-02-18.json,cibc.com
cigna.com,Very High,ğŸ‡ºğŸ‡¸ United States,builtwith-2026-02-18.json,cigna.com
citi.com,"400,000+",ğŸ‡ºğŸ‡¸ United States,builtwith-2026-02-18.json,citi.com
citizensbank.com,High,ğŸ‡ºğŸ‡¸ United States,builtwith-2026-02-18.json,citizensbank.com
citrix.com,Very High,ğŸ‡ºğŸ‡¸ United States,builtwith-2026-02-18.json,citrix.com
cleaverbrooks.com,"1,000+",ğŸ‡ºğŸ‡¸ United States,builtwith-2026-02-18 (1).json,cleaverbrooks.com
cloudflareinsights.com,Very High,,builtwith-2026-02-18.json,cloudflareinsights.com
co.id,Medium,ğŸ‡ºğŸ‡¸ United States,builtwith-2026-02-18 (1).json,underarmour.co.id
co.th,Medium,ğŸ‡ºğŸ‡¸ United States,builtwith-2026-02-18 (1).json,underarmour.co.th
coach.com,"500,000+",ğŸ‡ºğŸ‡¸ United States,builtwith-2026-02-18.json,coach.com
cochlear.com,500+,ğŸ‡ºğŸ‡¸ United States,builtwith-2026-02-18 (1).json,cochlear.com
coda.io,"15,325",,builtwith-2026-02-18 (3).json,coda.io
cognizant.com,High,ğŸ‡ºğŸ‡¸ United States,builtwith-2026-02-18.json,cognizant.com
coleman.com,"10,000+",ğŸ‡ºğŸ‡¸ United States,builtwith-2026-02-18 (1).json,coleman.com
coles.com.au,High,ğŸ‡¦ğŸ‡º Australia,builtwith-2026-02-18.json,coles.com.au
colliers.com,High,ğŸ‡ºğŸ‡¸ United States,builtwith-2026-02-18.json,colliers.com
columbia.com,High,ğŸ‡ºğŸ‡¸ United States,builtwith-2026-02-18.json,columbia.com
columbiasportswear.at,"2,000+",ğŸ‡¦ğŸ‡¹,builtwith-2026-02-18 (1).json,columbiasportswear.at
columbiasportswear.be,"100,000+",ğŸ‡¨ğŸ‡­,builtwith-2026-02-18 (1).json,columbiasportswear.be
columbiasportswear.ca,"100,000+",ğŸ‡ºğŸ‡¸ United States,builtwith-2026-02-18 (1).json,columbiasportswear.ca
columbiasportswear.de,"2,000+",ğŸ‡©ğŸ‡ª,builtwith-2026-02-18 (1).json,columbiasportswear.de
columbiasportswear.dk,"2,000+",ğŸ‡¨ğŸ‡­,builtwith-2026-02-18 (1).json,columbiasportswear.dk
columbiasportswear.ee,"2,000+",ğŸ‡¨ğŸ‡­,builtwith-2026-02-18 (1).json,columbiasportswear.ee
columbiasportswear.es,"2,000+",ğŸ‡ªğŸ‡¸,builtwith-2026-02-18 (1).json,columbiasportswear.es
columbiasportswear.fi,"2,000+",ğŸ‡«ğŸ‡®,builtwith-2026-02-18 (1).json,columbiasportswear.fi
columbiasportswear.fr,"2,000+",ğŸ‡«ğŸ‡·,builtwith-2026-02-18 (1).json,columbiasportswear.fr
columbiasportswear.ie,"2,000+",ğŸ‡¨ğŸ‡­,builtwith-2026-02-18 (1).json,columbiasportswear.ie
columbiasportswear.it,"2,000+",ğŸ‡®ğŸ‡¹,builtwith-2026-02-18 (1).json,columbiasportswear.it
columbiasportswear.lt,"2,000+",ğŸ‡¨ğŸ‡­,builtwith-2026-02-18 (1).json,columbiasportswear.lt
columbiasportswear.lv,"2,000+",ğŸ‡¨ğŸ‡­,builtwith-2026-02-18 (1).json,columbiasportswear.lv
columbiasportswear.nl,"2,000+",ğŸ‡³ğŸ‡±,builtwith-2026-02-18 (1).json,columbiasportswear.nl
columbiasportswear.no,"2,000+",ğŸ‡¨ğŸ‡­,builtwith-2026-02-18 (1).json,columbiasportswear.no
columbiasportswear.pl,"1,000+",ğŸ‡¨ğŸ‡­,builtwith-2026-02-18 (1).json,columbiasportswear.pl
columbiasportswear.se,"2,000+",ğŸ‡¨ğŸ‡­,builtwith-2026-02-18 (1).json,columbiasportswear.se
columbiasportswear.si,"2,000+",ğŸ‡¨ğŸ‡­,builtwith-2026-02-18 (1).json,columbiasportswear.si
com.my,Medium,ğŸ‡ºğŸ‡¸ United States,builtwith-2026-02-18 (1).json,underarmour.com.my
com.pt,"20,000+",ğŸ‡¨ğŸ‡­,builtwith-2026-02-18 (1).json,sorel.com.pt
comcast.com,Very High,ğŸ‡ºğŸ‡¸ United States,builtwith-2026-02-18.json,comcast.com
commscope.com,High,ğŸ‡ºğŸ‡¸ United States,builtwith-2026-02-18.json,commscope.com
concentrix.com,"25,635",,builtwith-2026-02-18 (3).json,apply.concentrix.com
connectwise.com,High,ğŸ‡¦ğŸ‡º Australia,builtwith-2026-02-18.json,connectwise.com
converse.com,"750,000+",ğŸ‡ºğŸ‡¸ United States,builtwith-2026-02-18.json,converse.com
cookiebot.com,Very High,ğŸ‡µğŸ‡¹,builtwith-2026-02-18.json,cookiebot.com
coppel.com,"10,000+",ğŸ‡ºğŸ‡¸ United States,builtwith-2026-02-18 (1).json,coppel.com
corteva.com,High,ğŸ‡ºğŸ‡¸ United States,builtwith-2026-02-18.json,corteva.com
cos.com,0+,ğŸ‡¬ğŸ‡§,builtwith-2026-02-18 (1).json,cos.com
costco.ca,"20,000+",ğŸ‡¨ğŸ‡¦,builtwith-2026-02-18 (1).json,costco.ca
costco.com,$10000+,ğŸ‡ºğŸ‡¸ United States,builtwith-2026-02-18.json,costco.com
costco.com.au,"1,000+",ğŸ‡¦ğŸ‡º Australia,builtwith-2026-02-18 (1).json,costco.com.au
coupa.com,"22,983+",,builtwith-2026-02-18 (3).json,certified.coupa.com
crateandbarrel.com,High,ğŸ‡ºğŸ‡¸ United States,builtwith-2026-02-18.json,crateandbarrel.com
crayola.com,"50,000+",ğŸ‡ºğŸ‡¸ United States,builtwith-2026-02-18 (1).json,crayola.com
cribl.io,"61,846",,builtwith-2026-02-18 (3).json,certifications.cribl.io
crocs.com,High,ğŸ‡ºğŸ‡¸ United States,builtwith-2026-02-18 (1).json,crocs.com
crocs.com.sg,"150,000+",ğŸ‡¦ğŸ‡º Australia,builtwith-2026-02-18 (1).json,crocs.com.sg
crowdstrike.com,Very High,ğŸ‡ºğŸ‡¸ United States,builtwith-2026-02-18.json,crowdstrike.com
cummins.com,High,ğŸ‡ºğŸ‡¸ United States,builtwith-2026-02-18.json,cummins.com
currys.co.uk,Very High,ğŸ‡¬ğŸ‡§,builtwith-2026-02-18 (1).json,currys.co.uk
cvent.com,"10,000+",ğŸ‡ºğŸ‡¸ United States,builtwith-2026-02-18.json,cvent.com
cvs.com,$10000+,ğŸ‡ºğŸ‡¸ United States,builtwith-2026-02-18 (1).json,cvs.com
cyberark.com,Very High,ğŸ‡ºğŸ‡¸ United States,builtwith-2026-02-18.json,cyberark.com
dailynews.com,"16,302",,builtwith-2026-02-18 (3).json,dailynews.com
dainese.com,"150,000+",ğŸ‡ºğŸ‡¸ United States,builtwith-2026-02-18 (1).json,dainese.com
danfoss.com,"10,000+",ğŸ‡©ğŸ‡°,builtwith-2026-02-18.json,danfoss.com
davidyurman.com,"20,000+",ğŸ‡ºğŸ‡¸ United States,builtwith-2026-02-18.json,davidyurman.com
dayforce.com,"2,000+",ğŸ‡¦ğŸ‡º Australia,builtwith-2026-02-18.json,dayforce.com
db.com,Very High,ğŸ‡©ğŸ‡ª,builtwith-2026-02-18.json,db.com
deere.com,Very High,ğŸ‡ºğŸ‡¸ United States,builtwith-2026-02-18.json,deere.com
dell.com,Very High,ğŸ‡ºğŸ‡¸ United States,builtwith-2026-02-18.json,dell.com
deloitte.com,Very High,ğŸ‡ºğŸ‡¸ United States,builtwith-2026-02-18.json,deloitte.com
delonghi.com,"5,000+",ğŸ‡®ğŸ‡¹,builtwith-2026-02-18.json,delonghi.com
delta.com,Very High,ğŸ‡ºğŸ‡¸ United States,builtwith-2026-02-18.json,delta.com
demandbase.com,Very High,ğŸ‡ºğŸ‡¸ United States,builtwith-2026-02-18.json,demandbase.com
dematic.com,Medium,ğŸ‡ºğŸ‡¸ United States,builtwith-2026-02-18.json,dematic.com
dentsplysirona.com,High,ğŸ‡ºğŸ‡¸ United States,builtwith-2026-02-18.json,dentsplysirona.com
dentsu.com,"1,000+",ğŸ‡¯ğŸ‡µ,builtwith-2026-02-18.json,dentsu.com
deutschepost.de,"20,000+",ğŸ‡©ğŸ‡ª,builtwith-2026-02-18 (1).json,deutschepost.de
dfsonline.com,-,ğŸ‡ºğŸ‡¸ United States,builtwith-2026-02-18 (1).json,dfsonline.com
dhl.com,"20,000+",ğŸ‡©ğŸ‡ª,builtwith-2026-02-18.json,dhl.com
digicert.com,Very High,ğŸ‡ºğŸ‡¸ United States,builtwith-2026-02-18.json,digicert.com
dillards.com,High,ğŸ‡ºğŸ‡¸ United States,builtwith-2026-02-18 (1).json,dillards.com
dior.com,"5,000,000+",ğŸ‡ºğŸ‡¸ United States,builtwith-2026-02-18.json,dior.com
directv.com,Very High,ğŸ‡ºğŸ‡¸ United States,builtwith-2026-02-18.json,directv.com
dnb.com,$10000+,ğŸ‡ºğŸ‡¸ United States,builtwith-2026-02-18.json,dnb.com
dockers.com,"50,000+",ğŸ‡ºğŸ‡¸ United States,builtwith-2026-02-18 (1).json,dockers.com
dolcegabbana.com,"5,000,000+",ğŸ‡®ğŸ‡¹,builtwith-2026-02-18.json,dolcegabbana.com
donaldson.com,$10000+,ğŸ‡ºğŸ‡¸ United States,builtwith-2026-02-18.json,donaldson.com
dooney.com,"20,000+",ğŸ‡ºğŸ‡¸ United States,builtwith-2026-02-18 (1).json,dooney.com
dormakaba.com,"2,000+",ğŸ‡ºğŸ‡¸ United States,builtwith-2026-02-18 (1).json,dormakaba.com
dow.com,"1,000+",ğŸ‡ºğŸ‡¸ United States,builtwith-2026-02-18.json,dow.com
dowjones.com,High,ğŸ‡«ğŸ‡·,builtwith-2026-02-18.json,dowjones.com
drmartens.com,"150,000+",ğŸ‡¬ğŸ‡§,builtwith-2026-02-18 (1).json,drmartens.com
druva.com,High,ğŸ‡ºğŸ‡¸ United States,builtwith-2026-02-18.json,druva.com
dsm-firmenich.com,High,ğŸ‡¨ğŸ‡­,builtwith-2026-02-18.json,dsm-firmenich.com
dummies.com,High,ğŸ‡ºğŸ‡¸ United States,builtwith-2026-02-18 (1).json,dummies.com
dunelondon.com,"10,000+",ğŸ‡¬ğŸ‡§,builtwith-2026-02-18 (1).json,dunelondon.com
dupont.com,High,ğŸ‡ºğŸ‡¸ United States,builtwith-2026-02-18.json,dupont.com
dynamiccatholic.com,"20,000+",ğŸ‡ºğŸ‡¸ United States,builtwith-2026-02-18 (1).json,dynamiccatholic.com
dynatrace.com,"5,000+",ğŸ‡ºğŸ‡¸ United States,builtwith-2026-02-18.json,dynatrace.com
dyson.co.nz,"500,000+",ğŸ‡¬ğŸ‡§,builtwith-2026-02-18 (1).json,dyson.co.nz
dyson.com,"50,000+",ğŸ‡ºğŸ‡¸ United States,builtwith-2026-02-18.json,dyson.com
dyson.com.au,"50,000+",ğŸ‡¦ğŸ‡º Australia,builtwith-2026-02-18.json,dyson.com.au
dyson.com.tr,High,ğŸ‡¬ğŸ‡§,builtwith-2026-02-18 (1).json,dyson.com.tr
dyson.in,High,ğŸ‡®ğŸ‡³,builtwith-2026-02-18 (1).json,dyson.in
dyson.ph,"50,000+",ğŸ‡µğŸ‡­,builtwith-2026-02-18 (1).json,dyson.ph
dyson.pl,"50,000+",ğŸ‡¬ğŸ‡§,builtwith-2026-02-18 (1).json,dyson.pl
e-conolight.com,Medium,ğŸ‡ºğŸ‡¸ United States,builtwith-2026-02-18 (1).json,e-conolight.com
eaton.com,Very High,ğŸ‡ºğŸ‡¸ United States,builtwith-2026-02-18.json,eaton.com
ecolab.com,High,ğŸ‡ºğŸ‡¸ United States,builtwith-2026-02-18.json,ecolab.com
economist.com,Very High,ğŸ‡¬ğŸ‡§,builtwith-2026-02-18.json,economist.com
edx.org,Very High,ğŸ‡ºğŸ‡¸ United States,builtwith-2026-02-18 (1).json,edx.org
ee.co.uk,High,ğŸ‡¬ğŸ‡§,builtwith-2026-02-18.json,ee.co.uk
elcorteingles.es,Very High,ğŸ‡ªğŸ‡¸,builtwith-2026-02-18 (1).json,elcorteingles.es
electrolux.com,"5,000+",ğŸ‡¸ğŸ‡ª,builtwith-2026-02-18.json,electrolux.com
element14.com,High,ğŸ‡¬ğŸ‡§,builtwith-2026-02-18 (1).json,element14.com
elemis.com,"500,000+",ğŸ‡¬ğŸ‡§,builtwith-2026-02-18 (1).json,elemis.com
ellos.us,250+,ğŸ‡ºğŸ‡¸ United States,builtwith-2026-02-18 (1).json,ellos.us
eloquii.com,"5,000+",ğŸ‡ºğŸ‡¸ United States,builtwith-2026-02-18 (1).json,eloquii.com
elsevier.com,"1,000+",ğŸ‡¬ğŸ‡§,builtwith-2026-02-18.json,elsevier.com
emerson.com,High,ğŸ‡ºğŸ‡¸ United States,builtwith-2026-02-18.json,emerson.com
eni.com,"5,000+",ğŸ‡®ğŸ‡¹,builtwith-2026-02-18.json,eni.com
ensighten.com,Very High,ğŸ‡ºğŸ‡¸ United States,builtwith-2026-02-18.json,ensighten.com
entegris.com,Medium,ğŸ‡©ğŸ‡ª,builtwith-2026-02-18 (1).json,entegris.com
enterprise.com,High,ğŸ‡ºğŸ‡¸ United States,builtwith-2026-02-18.json,enterprise.com
entrust.com,"5,000+",ğŸ‡ºğŸ‡¸ United States,builtwith-2026-02-18.json,entrust.com
epson.com,Very High,ğŸ‡ºğŸ‡¸ United States,builtwith-2026-02-18 (1).json,epson.com
equifax.com,High,ğŸ‡ºğŸ‡¸ United States,builtwith-2026-02-18.json,equifax.com
equinix.com,High,ğŸ‡®ğŸ‡¹,builtwith-2026-02-18.json,equinix.com
es.tl,$10000+,ğŸ‡¹ğŸ‡±,builtwith-2026-02-18.json,es.tl
esri.com,"150,000+",ğŸ‡ºğŸ‡¸ United States,builtwith-2026-02-18.json,esri.com
etoro.com,"300,000+",ğŸ‡¬ğŸ‡§,builtwith-2026-02-18.json,etoro.com
euronics.it,"50,000+",ğŸ‡®ğŸ‡¹,builtwith-2026-02-18 (1).json,euronics.it
everestgrp.com,"10,000+",ğŸ‡¬ğŸ‡§,builtwith-2026-02-18 (1).json,everestgrp.com
evernew.ca,50+,ğŸ‡¨ğŸ‡¦,builtwith-2026-02-18 (1).json,evernew.ca
everyday.com.au,"20,000+",ğŸ‡¦ğŸ‡º Australia,builtwith-2026-02-18 (1).json,everyday.com.au
everydropwater.com,"1,000+",ğŸ‡ºğŸ‡¸ United States,builtwith-2026-02-18 (1).json,everydropwater.com
experian.com,Very High,ğŸ‡ºğŸ‡¸ United States,builtwith-2026-02-18.json,experian.com
express.com,"150,000+",ğŸ‡ºğŸ‡¸ United States,builtwith-2026-02-18 (1).json,express.com
f5.com,"20,000+",ğŸ‡ºğŸ‡¸ United States,builtwith-2026-02-18.json,f5.com
fabianafilippi.com,"200,000+",ğŸ‡®ğŸ‡¹,builtwith-2026-02-18 (1).json,fabianafilippi.com
falabella.com,Very High,ğŸ‡¨ğŸ‡±,builtwith-2026-02-18.json,falabella.com
farmers.com,"20,000+",ğŸ‡ºğŸ‡¸ United States,builtwith-2026-02-18 (1).json,farmers.com
fendi.com,"1,000,000+",ğŸ‡®ğŸ‡¹,builtwith-2026-02-18 (1).json,fendi.com
ferguson.com,High,ğŸ‡ºğŸ‡¸ United States,builtwith-2026-02-18.json,ferguson.com
ferrari.com,"10,000,000+",ğŸ‡®ğŸ‡¹,builtwith-2026-02-18.json,ferrari.com
fidelity.com,Very High,ğŸ‡ºğŸ‡¸ United States,builtwith-2026-02-18.json,fidelity.com
fidelityworkplace-test.com,$10000+,,builtwith-2026-02-18 (1).json,fidelityworkplace-test.com
finalsite.com,High,ğŸ‡ºğŸ‡¸ United States,builtwith-2026-02-18.json,finalsite.com
finning.com,"5,000+",ğŸ‡¨ğŸ‡¦,builtwith-2026-02-18.json,finning.com
fiserv.com,High,ğŸ‡ºğŸ‡¸ United States,builtwith-2026-02-18.json,fiserv.com
fisherpaykel.com,"5,000+",ğŸ‡ºğŸ‡¸ United States,builtwith-2026-02-18 (1).json,fisherpaykel.com
five9.com,"10,000+",ğŸ‡ºğŸ‡¸ United States,builtwith-2026-02-18.json,five9.com
flightcentre.co.uk,Medium,ğŸ‡ºğŸ‡¸ United States,builtwith-2026-02-18 (1).json,flightcentre.co.uk
flir.com,0+,ğŸ‡¬ğŸ‡§,builtwith-2026-02-18.json,flir.com
fmgsuite.com,"51,143",,builtwith-2026-02-18 (3).json,listings.fmgsuite.com
foodsaver.com,"10,000+",ğŸ‡ºğŸ‡¸ United States,builtwith-2026-02-18 (1).json,foodsaver.com
ford.com,Very High,ğŸ‡ºğŸ‡¸ United States,builtwith-2026-02-18.json,ford.com
ford.com.au,"10,000+",ğŸ‡¦ğŸ‡º Australia,builtwith-2026-02-18.json,ford.com.au
forevernew.com.au,"5,000+",ğŸ‡¦ğŸ‡º Australia,builtwith-2026-02-18 (1).json,forevernew.com.au
fortinet.com,Very High,ğŸ‡ºğŸ‡¸ United States,builtwith-2026-02-18.json,fortinet.com
fossil.com,"50,000+",ğŸ‡ºğŸ‡¸ United States,builtwith-2026-02-18 (1).json,fossil.com
fox.com,Very High,ğŸ‡ºğŸ‡¸ United States,builtwith-2026-02-18.json,fox.com
foxnews.com,Very High,ğŸ‡ºğŸ‡¸ United States,builtwith-2026-02-18.json,foxnews.com
fr.gd,$10000+,ğŸ‡¬ğŸ‡©,builtwith-2026-02-18.json,fr.gd
fresenius-kabi.com,"50,000+",ğŸ‡©ğŸ‡ª,builtwith-2026-02-18.json,fresenius-kabi.com
freseniusmedicalcare.com,Medium,,builtwith-2026-02-18.json,freseniusmedicalcare.com
freshproduce.com,"10,000+",ğŸ‡ºğŸ‡¸ United States,builtwith-2026-02-18.json,freshproduce.com
fujifilm.com,250+,ğŸ‡¯ğŸ‡µ,builtwith-2026-02-18.json,fujifilm.com
fujitsu.com,"2,000+",ğŸ‡ºğŸ‡¸ United States,builtwith-2026-02-18.json,fujitsu.com
funko.com,High,ğŸ‡ºğŸ‡¸ United States,builtwith-2026-02-18 (1).json,funko.com
g4s.com,"20,000+",ğŸ‡¬ğŸ‡§,builtwith-2026-02-18.json,g4s.com
gamestop.com,Very High,ğŸ‡ºğŸ‡¸ United States,builtwith-2026-02-18 (1).json,gamestop.com
garageclothing.com,"10,000+",ğŸ‡ºğŸ‡¸ United States,builtwith-2026-02-18 (1).json,garageclothing.com
gardeners.com,High,ğŸ‡ºğŸ‡¸ United States,builtwith-2026-02-18 (1).json,gardeners.com
gartner.com,Very High,ğŸ‡ºğŸ‡¸ United States,builtwith-2026-02-18.json,gartner.com
gates.com,High,ğŸ‡ºğŸ‡¸ United States,builtwith-2026-02-18.json,gates.com
geappliances.com,High,ğŸ‡ºğŸ‡¸ United States,builtwith-2026-02-18 (1).json,geappliances.com
gehealthcare.com,"112,976+",ğŸ‡ºğŸ‡¸,builtwith-2026-02-18 (2).json,careers.gehealthcare.com
gene.com,"20,597",,builtwith-2026-02-18 (3).json,cdcciam.gene.com
generac.com,High,ğŸ‡ºğŸ‡¸ United States,builtwith-2026-02-18.json,generac.com
genesis.com,"20,000+",ğŸ‡¨ğŸ‡¦,builtwith-2026-02-18.json,genesis.com
gevernova.com,"400,000+",ğŸ‡©ğŸ‡ª,builtwith-2026-02-18.json,gevernova.com
gigamon.com,Medium,ğŸ‡ºğŸ‡¸ United States,builtwith-2026-02-18.json,gigamon.com
givenchy.com,"1,000,000+",ğŸ‡ºğŸ‡¸ United States,builtwith-2026-02-18 (1).json,givenchy.com
globalblue.com,High,ğŸ‡¦ğŸ‡¹,builtwith-2026-02-18.json,globalblue.com
globaldata.com,"2,000+",ğŸ‡ºğŸ‡¸ United States,builtwith-2026-02-18 (1).json,globaldata.com
gm.com,Very High,ğŸ‡ºğŸ‡¸ United States,builtwith-2026-02-18.json,gm.com
gnc.com,"150,000+",ğŸ‡ºğŸ‡¸ United States,builtwith-2026-02-18 (1).json,gnc.com
gong.io,"5,000+",ğŸ‡ºğŸ‡¸ United States,builtwith-2026-02-18 (1).json,gong.io
goodyear.com,High,ğŸ‡ºğŸ‡¸ United States,builtwith-2026-02-18 (1).json,goodyear.com
gopro.com,"1,274+",,builtwith-2026-02-18 (3).json,gopro.com
goto.com,Very High,ğŸ‡ºğŸ‡¸ United States,builtwith-2026-02-18.json,goto.com
graco.com,"150,000+",ğŸ‡ºğŸ‡¸ United States,builtwith-2026-02-18.json,graco.com
grainger.ca,"1,000+",ğŸ‡¨ğŸ‡¦,builtwith-2026-02-18 (1).json,grainger.ca
grainger.com,Very High,ğŸ‡ºğŸ‡¸ United States,builtwith-2026-02-18.json,grainger.com
grundfos.com,"10,000+",ğŸ‡©ğŸ‡°,builtwith-2026-02-18.json,grundfos.com
gsk.com,"50,000+",ğŸ‡ºğŸ‡¸ United States,builtwith-2026-02-18.json,gsk.com
guerlain.com,"20,000+",ğŸ‡«ğŸ‡·,builtwith-2026-02-18 (1).json,guerlain.com
guitarcenter.com,High,ğŸ‡ºğŸ‡¸ United States,builtwith-2026-02-18.json,guitarcenter.com
hallmark.com,"50,000+",ğŸ‡ºğŸ‡¸ United States,builtwith-2026-02-18.json,hallmark.com
harley-davidson.com,High,ğŸ‡ºğŸ‡¸ United States,builtwith-2026-02-18.json,harley-davidson.com
harness.io,"5,000+",ğŸ‡ºğŸ‡¸ United States,builtwith-2026-02-18 (1).json,harness.io
hartenergy.com,Medium,ğŸ‡ºğŸ‡¸ United States,builtwith-2026-02-18.json,hartenergy.com
hartlauer.at,"10,000+",ğŸ‡¦ğŸ‡¹,builtwith-2026-02-18 (1).json,hartlauer.at
havenwellwithin.com,10+,ğŸ‡ºğŸ‡¸ United States,builtwith-2026-02-18 (1).json,havenwellwithin.com
hawaiianairlines.com,High,ğŸ‡ºğŸ‡¸ United States,builtwith-2026-02-18.json,hawaiianairlines.com
hdsupplysolutions.com,"5,000+",ğŸ‡ºğŸ‡¸ United States,builtwith-2026-02-18 (1).json,hdsupplysolutions.com
heart.org,Very High,ğŸ‡ºğŸ‡¸ United States,builtwith-2026-02-18.json,heart.org
heathrow.com,"500,000+",ğŸ‡¬ğŸ‡§,builtwith-2026-02-18 (1).json,heathrow.com
helzberg.com,"10,000+",ğŸ‡ºğŸ‡¸ United States,builtwith-2026-02-18 (1).json,helzberg.com
henryschein.com,High,ğŸ‡ºğŸ‡¸ United States,builtwith-2026-02-18 (1).json,henryschein.com
hillspet.com,"20,000+",ğŸ‡ºğŸ‡¸ United States,builtwith-2026-02-18.json,hillspet.com
hilti.com,"10,000+",ğŸ‡ºğŸ‡¸ United States,builtwith-2026-02-18 (1).json,hilti.com
hitachienergy.com,"50,000+",ğŸ‡³ğŸ‡±,builtwith-2026-02-18.json,hitachienergy.com
hollandamerica.com,High,ğŸ‡ºğŸ‡¸ United States,builtwith-2026-02-18.json,hollandamerica.com
hollisterco.com,"500,000+",ğŸ‡ºğŸ‡¸ United States,builtwith-2026-02-18 (1).json,hollisterco.com
honeywell.com,Very High,ğŸ‡ºğŸ‡¸ United States,builtwith-2026-02-18.json,honeywell.com
horizonhobby.com,"20,000+",ğŸ‡ºğŸ‡¸ United States,builtwith-2026-02-18 (1).json,horizonhobby.com
hotelchocolat.com,"50,000+",ğŸ‡¬ğŸ‡§,builtwith-2026-02-18 (1).json,hotelchocolat.com
hottopic.com,High,ğŸ‡ºğŸ‡¸ United States,builtwith-2026-02-18 (1).json,hottopic.com
hotwire.com,High,ğŸ‡ºğŸ‡¸ United States,builtwith-2026-02-18.json,hotwire.com
hp.com,Very High,,builtwith-2026-02-18.json,hp.com
hpe.com,Very High,ğŸ‡ºğŸ‡¸ United States,builtwith-2026-02-18.json,hpe.com
hrblock.com,High,ğŸ‡ºğŸ‡¸ United States,builtwith-2026-02-18.json,hrblock.com
hubspot.com,Very High,ğŸ‡ªğŸ‡¸,builtwith-2026-02-18.json,hubspot.com
hugoboss.com,High,ğŸ‡©ğŸ‡ª,builtwith-2026-02-18.json,hugoboss.com
humana.com,High,ğŸ‡ºğŸ‡¸ United States,builtwith-2026-02-18.json,humana.com
hunterfan.com,"2,000+",ğŸ‡ºğŸ‡¸ United States,builtwith-2026-02-18 (1).json,hunterfan.com
huntington.com,"10,000+",ğŸ‡ºğŸ‡¸ United States,builtwith-2026-02-18.json,huntington.com
hyatt.com,Very High,,builtwith-2026-02-18 (1).json,hyatt.com
hydro.com,"10,000+",ğŸ‡³ğŸ‡´,builtwith-2026-02-18.json,hydro.com
hyundai.com,"400,000+",ğŸ‡°ğŸ‡·,builtwith-2026-02-18.json,hyundai.com
iberia.com,"7,607+",,builtwith-2026-02-18 (3).json,hotel.iberia.com
icebreaker.com,"20,000+",ğŸ‡ºğŸ‡¸ United States,builtwith-2026-02-18 (1).json,icebreaker.com
ifm.com,"2,000+",ğŸ‡©ğŸ‡ª,builtwith-2026-02-18 (1).json,ifm.com
ihg.com,Very High,ğŸ‡ºğŸ‡¸ United States,builtwith-2026-02-18.json,ihg.com
iii.com,High,ğŸ‡¬ğŸ‡§,builtwith-2026-02-18.json,iii.com
ikea.com,Very High,ğŸ‡³ğŸ‡±,builtwith-2026-02-18.json,ikea.com
illumina.com,High,ğŸ‡ºğŸ‡¸ United States,builtwith-2026-02-18.json,illumina.com
immobilienscout24.de,Very High,ğŸ‡©ğŸ‡ª,builtwith-2026-02-18 (1).json,immobilienscout24.de
indigo.ca,"2,000+",ğŸ‡¨ğŸ‡¦,builtwith-2026-02-18 (1).json,indigo.ca
indigoag.com,"10,000+",ğŸ‡ºğŸ‡¸ United States,builtwith-2026-02-18 (1).json,indigoag.com
infineon.com,High,ğŸ‡©ğŸ‡ª,builtwith-2026-02-18.json,infineon.com
infoblox.com,High,ğŸ‡ºğŸ‡¸ United States,builtwith-2026-02-18.json,infoblox.com
infor.com,"10,000+",ğŸ‡ºğŸ‡¸ United States,builtwith-2026-02-18.json,infor.com
informatica.com,"100,000+",ğŸ‡¯ğŸ‡µ,builtwith-2026-02-18.json,informatica.com
ing.com.au,"10,000+",ğŸ‡¦ğŸ‡º Australia,builtwith-2026-02-18.json,ing.com.au
insinkerator.com,"2,000+",ğŸ‡ºğŸ‡¸ United States,builtwith-2026-02-18 (1).json,insinkerator.com
instacart.com,"3,013",,builtwith-2026-02-18 (3).json,tech.instacart.com
intel.com,"3,000,000+",ğŸ‡ºğŸ‡¸ United States,builtwith-2026-02-18.json,intel.com
interface.com,"10,000+",ğŸ‡ºğŸ‡¸ United States,builtwith-2026-02-18.json,interface.com
internationalsos.com,High,ğŸ‡ºğŸ‡¸ United States,builtwith-2026-02-18.json,internationalsos.com
intertek.com,"5,000+",ğŸ‡¨ğŸ‡¾,builtwith-2026-02-18.json,intertek.com
intuit.com,"50,000+",,builtwith-2026-02-18.json,intuit.com
irobot.com,"20,000+",ğŸ‡ºğŸ‡¸ United States,builtwith-2026-02-18 (1).json,irobot.com
ironmountain.com,High,ğŸ‡ºğŸ‡¸ United States,builtwith-2026-02-18.json,ironmountain.com
jabra.com,"10,000+",ğŸ‡©ğŸ‡°,builtwith-2026-02-18 (1).json,jabra.com
jackson.com,Medium,ğŸ‡ºğŸ‡¸ United States,builtwith-2026-02-18.json,jackson.com
janieandjack.com,"500,000+",ğŸ‡ºğŸ‡¸ United States,builtwith-2026-02-18 (1).json,janieandjack.com
jared.com,"20,000+",ğŸ‡ºğŸ‡¸ United States,builtwith-2026-02-18 (1).json,jared.com
jbhifi.com.au,"20,000+",ğŸ‡¦ğŸ‡º Australia,builtwith-2026-02-18 (1).json,jbhifi.com.au
jcpenney.com,Very High,ğŸ‡ºğŸ‡¸ United States,builtwith-2026-02-18.json,jcpenney.com
jcrew.com,"200,000+",ğŸ‡ºğŸ‡¸ United States,builtwith-2026-02-18 (1).json,jcrew.com
jeep.com,"1,000,000+",ğŸ‡ºğŸ‡¸ United States,builtwith-2026-02-18.json,jeep.com
jessicalondon.com,"1,000+",ğŸ‡ºğŸ‡¸ United States,builtwith-2026-02-18 (1).json,jessicalondon.com
jll.com,High,ğŸ‡ºğŸ‡¸ United States,builtwith-2026-02-18.json,jll.com
jpmorgan.com,"750,000+",ğŸ‡ºğŸ‡¸ United States,builtwith-2026-02-18.json,jpmorgan.com
jsdelivr.net,"1,000+",,builtwith-2026-02-18.json,jsdelivr.net
juniper.net,High,ğŸ‡ºğŸ‡¸ United States,builtwith-2026-02-18.json,juniper.net
kantar.com,High,ğŸ‡¬ğŸ‡§,builtwith-2026-02-18.json,kantar.com
katespade.com,"3,000,000+",ğŸ‡ºğŸ‡¸ United States,builtwith-2026-02-18 (1).json,katespade.com
kay.com,"20,000+",ğŸ‡ºğŸ‡¸ United States,builtwith-2026-02-18 (1).json,kay.com
kellyjeepchrysler.net,-,ğŸ‡ºğŸ‡¸ United States,builtwith-2026-02-18 (1).json,kellyjeepchrysler.net
kennametal.com,"5,000+",ğŸ‡ºğŸ‡¸ United States,builtwith-2026-02-18 (1).json,kennametal.com
kerry.com,"2,000+",ğŸ‡ºğŸ‡¸ United States,builtwith-2026-02-18.json,kerry.com
keter.com,"1,000+",ğŸ‡³ğŸ‡±,builtwith-2026-02-18 (1).json,keter.com
keysight.com,High,ğŸ‡ºğŸ‡¸ United States,builtwith-2026-02-18.json,keysight.com
kia.com,Very High,ğŸ‡ºğŸ‡¸ United States,builtwith-2026-02-18.json,kia.com
kimptonhotels.com,"271,157",,builtwith-2026-02-18 (3).json,kimptonhotels.com
kingliving.com.au,500+,ğŸ‡¦ğŸ‡º Australia,builtwith-2026-02-18 (1).json,kingliving.com.au
kitchenaid.ca,Medium,ğŸ‡¨ğŸ‡¦,builtwith-2026-02-18 (1).json,kitchenaid.ca
kitchenaid.com,High,ğŸ‡ºğŸ‡¸ United States,builtwith-2026-02-18.json,kitchenaid.com
klaviyo.com,"20,000+",ğŸ‡ºğŸ‡¸ United States,builtwith-2026-02-18 (1).json,klaviyo.com
knfilters.com,"50,000+",ğŸ‡³ğŸ‡±,builtwith-2026-02-18 (1).json,knfilters.com
kohls.com,Very High,ğŸ‡ºğŸ‡¸ United States,builtwith-2026-02-18.json,kohls.com
kone.com,High,ğŸ‡«ğŸ‡®,builtwith-2026-02-18.json,kone.com
kornferry.com,$10000+,ğŸ‡ºğŸ‡¸ United States,builtwith-2026-02-18.json,kornferry.com
kpmg.com,"400,000+",ğŸ‡³ğŸ‡±,builtwith-2026-02-18.json,kpmg.com
labcorp.com,High,ğŸ‡ºğŸ‡¸ United States,builtwith-2026-02-18.json,labcorp.com
lacoste.com,"1,000,000+",ğŸ‡ºğŸ‡¸ United States,builtwith-2026-02-18 (1).json,lacoste.com
lakeshorelearning.com,"10,000+",ğŸ‡ºğŸ‡¸ United States,builtwith-2026-02-18.json,lakeshorelearning.com
landsend.co.uk,"150,000+",ğŸ‡¬ğŸ‡§,builtwith-2026-02-18 (1).json,landsend.co.uk
landsend.com,"150,000+",ğŸ‡ºğŸ‡¸ United States,builtwith-2026-02-18 (1).json,landsend.com
landsend.de,"2,000+",ğŸ‡¦ğŸ‡¹,builtwith-2026-02-18 (1).json,landsend.de
latitudefinancial.com.au,"1,000+",ğŸ‡¦ğŸ‡º Australia,builtwith-2026-02-18.json,latitudefinancial.com.au
lego.com,"200,000+",ğŸ‡©ğŸ‡°,builtwith-2026-02-18.json,lego.com
lenovo.com,"500,000+",ğŸ‡­ğŸ‡°,builtwith-2026-02-18.json,lenovo.com
lexisnexis.com,"50,000+",ğŸ‡ºğŸ‡¸ United States,builtwith-2026-02-18.json,lexisnexis.com
lg.com,100+,ğŸ‡ºğŸ‡¸ United States,builtwith-2026-02-18.json,lg.com
libertymutual.com,"20,000+",ğŸ‡ºğŸ‡¸ United States,builtwith-2026-02-18.json,libertymutual.com
liebherr.com,"20,000+",ğŸ‡©ğŸ‡ª,builtwith-2026-02-18 (1).json,liebherr.com
lifetouch.com,"2,000+",ğŸ‡ºğŸ‡¸ United States,builtwith-2026-02-18 (1).json,lifetouch.com
lillypulitzer.com,"100,000+",ğŸ‡ºğŸ‡¸ United States,builtwith-2026-02-18 (1).json,lillypulitzer.com
lincoln.com,500+,ğŸ‡ºğŸ‡¸ United States,builtwith-2026-02-18.json,lincoln.com
linodeusercontent.com,-,,builtwith-2026-02-18 (1).json,109-74-198-10.ip.linodeusercontent.com
liverpool.com.mx,"500,000+",ğŸ‡²ğŸ‡½,builtwith-2026-02-18 (1).json,liverpool.com.mx
llbean.com,"50,000+",ğŸ‡ºğŸ‡¸ United States,builtwith-2026-02-18 (1).json,llbean.com
ln-cc.com,High,ğŸ‡¬ğŸ‡§,builtwith-2026-02-18 (1).json,ln-cc.com
loft.com,"50,000+",ğŸ‡ºğŸ‡¸ United States,builtwith-2026-02-18 (1).json,loft.com
logitech.com,Very High,ğŸ‡ºğŸ‡¸ United States,builtwith-2026-02-18.json,logitech.com
lojasrenner.com.br,"100,000+",ğŸ‡§ğŸ‡·,builtwith-2026-02-18 (1).json,lojasrenner.com.br
lookout.com,"20,000+",ğŸ‡¯ğŸ‡µ,builtwith-2026-02-18 (1).json,lookout.com
lovevery.com,"1,000,000+",ğŸ‡¦ğŸ‡º Australia,builtwith-2026-02-18 (1).json,lovevery.com
lpl.com,$10000+,ğŸ‡ºğŸ‡¸ United States,builtwith-2026-02-18.json,lpl.com
luckybrand.com,"20,000+",ğŸ‡ºğŸ‡¸ United States,builtwith-2026-02-18 (1).json,luckybrand.com
lufthansa.com,"500,000+",ğŸ‡ºğŸ‡¸ United States,builtwith-2026-02-18 (1).json,lufthansa.com
lululemon.co.jp,"50,000+",ğŸ‡¨ğŸ‡¦,builtwith-2026-02-18 (1).json,lululemon.co.jp
lululemon.co.kr,"1,000,000+",ğŸ‡­ğŸ‡°,builtwith-2026-02-18 (1).json,lululemon.co.kr
lululemon.co.nz,"3,000,000+",ğŸ‡¦ğŸ‡º Australia,builtwith-2026-02-18 (1).json,lululemon.co.nz
lululemon.co.uk,"1,000,000+",ğŸ‡¬ğŸ‡§,builtwith-2026-02-18 (1).json,lululemon.co.uk
lululemon.com,Very High,ğŸ‡¨ğŸ‡¦,builtwith-2026-02-18.json,lululemon.com
lululemon.com.au,"750,000+",ğŸ‡¦ğŸ‡º Australia,builtwith-2026-02-18.json,lululemon.com.au
lululemon.com.hk,"750,000+",ğŸ‡­ğŸ‡°,builtwith-2026-02-18 (1).json,lululemon.com.hk
lumens.com,"50,000+",ğŸ‡ºğŸ‡¸ United States,builtwith-2026-02-18 (1).json,lumens.com
macys.com,Very High,ğŸ‡ºğŸ‡¸ United States,builtwith-2026-02-18 (1).json,macys.com
madewell.com,"50,000+",ğŸ‡ºğŸ‡¸ United States,builtwith-2026-02-18 (1).json,madewell.com
manh.com,"5,000+",ğŸ‡«ğŸ‡·,builtwith-2026-02-18.json,manh.com
manulife.com,"10,000+",ğŸ‡¨ğŸ‡¦,builtwith-2026-02-18.json,manulife.com
marketwatch.com,"1,501",,builtwith-2026-02-18 (3).json,marketwatch.com
marksandspencer.com,"500,000+",ğŸ‡¬ğŸ‡§,builtwith-2026-02-18.json,marksandspencer.com
marqeta.com,"10,000+",ğŸ‡ºğŸ‡¸ United States,builtwith-2026-02-18.json,marqeta.com
marriott.com,Very High,ğŸ‡ºğŸ‡¸ United States,builtwith-2026-02-18.json,marriott.com
marsh.com,250+,ğŸ‡ºğŸ‡¸ United States,builtwith-2026-02-18.json,marsh.com
mathworks.com,Very High,ğŸ‡²ğŸ‡½,builtwith-2026-02-18.json,mathworks.com
mattel.com,Very High,ğŸ‡ºğŸ‡¸ United States,builtwith-2026-02-18.json,mattel.com
maurices.com,"20,000+",ğŸ‡ºğŸ‡¸ United States,builtwith-2026-02-18 (1).json,maurices.com
maytag.ca,Medium,ğŸ‡¨ğŸ‡¦,builtwith-2026-02-18 (1).json,maytag.ca
maytag.com,High,ğŸ‡ºğŸ‡¸ United States,builtwith-2026-02-18 (1).json,maytag.com
mcafee.com,"100,000+",ğŸ‡ºğŸ‡¸ United States,builtwith-2026-02-18.json,mcafee.com
mckesson.com,High,ğŸ‡ºğŸ‡¸ United States,builtwith-2026-02-18.json,mckesson.com
mckinsey.com,"500,000+",ğŸ‡ºğŸ‡¸ United States,builtwith-2026-02-18.json,mckinsey.com
mclaren.com,High,ğŸ‡ºğŸ‡¸ United States,builtwith-2026-02-18.json,mclaren.com
mdanderson.org,"100,000+",ğŸ‡ºğŸ‡¸ United States,builtwith-2026-02-18.json,mdanderson.org
medallia.com,"10,000+",ğŸ‡ºğŸ‡¸ United States,builtwith-2026-02-18.json,medallia.com
medtronic.com,Very High,ğŸ‡ºğŸ‡¸ United States,builtwith-2026-02-18.json,medtronic.com
melissaanddoug.com,"20,000+",ğŸ‡¬ğŸ‡§,builtwith-2026-02-18 (1).json,melissaanddoug.com
mercedes-benz.com,Very High,ğŸ‡©ğŸ‡ª,builtwith-2026-02-18.json,mercedes-benz.com
mercer.com,"20,000+",ğŸ‡ºğŸ‡¸ United States,builtwith-2026-02-18.json,mercer.com
mercurymarine.com,"20,000+",ğŸ‡ºğŸ‡¸ United States,builtwith-2026-02-18 (1).json,mercurymarine.com
mercurynews.com,271+,,builtwith-2026-02-18 (3).json,mercurynews.com
merkle.com,Medium,ğŸ‡©ğŸ‡ª,builtwith-2026-02-18.json,merkle.com
metlife.com,"50,000+",,builtwith-2026-02-18.json,metlife.com
mheducation.com,Very High,ğŸ‡ºğŸ‡¸ United States,builtwith-2026-02-18.json,mheducation.com
michaelkors.co.uk,"3,000,000+",ğŸ‡¬ğŸ‡§,builtwith-2026-02-18 (1).json,michaelkors.co.uk
michaelkors.com,"3,000,000+",ğŸ‡ºğŸ‡¸ United States,builtwith-2026-02-18.json,michaelkors.com
michaelkors.de,"3,000,000+",ğŸ‡ºğŸ‡¸ United States,builtwith-2026-02-18 (1).json,michaelkors.de
michaelkors.eu,"3,000,000+",ğŸ‡ºğŸ‡¸ United States,builtwith-2026-02-18 (1).json,michaelkors.eu
michaelkors.global,"3,000,000+",ğŸ‡ºğŸ‡¸ United States,builtwith-2026-02-18 (1).json,michaelkors.global
michaelkors.it,"3,000,000+",ğŸ‡®ğŸ‡¹,builtwith-2026-02-18 (1).json,michaelkors.it
micron.com,High,ğŸ‡ºğŸ‡¸ United States,builtwith-2026-02-18.json,micron.com
mindbodyonline.com,"1,859+",,builtwith-2026-02-18 (3).json,insights.mindbodyonline.com
mini.be,Medium,ğŸ‡§ğŸ‡ª,builtwith-2026-02-18 (1).json,mini.be
mini.it,"20,000+",ğŸ‡®ğŸ‡¹,builtwith-2026-02-18 (1).json,mini.it
minted.com,"23,985",,builtwith-2026-02-18 (3).json,minted-labs-blog.minted.com
miraclegro.com,"5,000+",ğŸ‡ºğŸ‡¸ United States,builtwith-2026-02-18 (1).json,miraclegro.com
ml.com,Very High,ğŸ‡ºğŸ‡¸ United States,builtwith-2026-02-18.json,ml.com
mlb.com,Very High,,builtwith-2026-02-18.json,mlb.com
moen.com,"20,000+",ğŸ‡ºğŸ‡¸ United States,builtwith-2026-02-18 (1).json,moen.com
molex.com,$10000+,ğŸ‡ºğŸ‡¸ United States,builtwith-2026-02-18.json,molex.com
monotype.com,"20,000+",ğŸ‡ºğŸ‡¸ United States,builtwith-2026-02-18 (1).json,monotype.com
moodys.com,High,ğŸ‡ºğŸ‡¸ United States,builtwith-2026-02-18.json,moodys.com
morganstanley.com,Very High,ğŸ‡ºğŸ‡¸ United States,builtwith-2026-02-18.json,morganstanley.com
morningstar.com,"200,000+",ğŸ‡«ğŸ‡·,builtwith-2026-02-18.json,morningstar.com
motorola.com,Very High,ğŸ‡ºğŸ‡¸ United States,builtwith-2026-02-18 (1).json,motorola.com
motorolasolutions.com,High,ğŸ‡ºğŸ‡¸ United States,builtwith-2026-02-18.json,motorolasolutions.com
mountainhardwear.ca,"100,000+",ğŸ‡¨ğŸ‡¦,builtwith-2026-02-18 (1).json,mountainhardwear.ca
mountainhardwear.com,"100,000+",ğŸ‡ºğŸ‡¸ United States,builtwith-2026-02-18.json,mountainhardwear.com
msasafety.com,High,,builtwith-2026-02-18 (1).json,msasafety.com
mt.com,High,ğŸ‡ºğŸ‡¸ United States,builtwith-2026-02-18 (1).json,mt.com
munichre.com,0+,ğŸ‡¦ğŸ‡º Australia,builtwith-2026-02-18.json,munichre.com
murata.com,High,ğŸ‡¯ğŸ‡µ,builtwith-2026-02-18.json,murata.com
musicarts.com,"1,000+",ğŸ‡«ğŸ‡·,builtwith-2026-02-18 (1).json,musicarts.com
musiciansfriend.com,"50,000+",ğŸ‡ºğŸ‡¸ United States,builtwith-2026-02-18.json,musiciansfriend.com
myfonts.com,"20,000+",ğŸ‡ºğŸ‡¸ United States,builtwith-2026-02-18 (1).json,myfonts.com
myglo.com,$10000+,,builtwith-2026-02-18 (1).json,myglo.com
nab.com.au,High,ğŸ‡¦ğŸ‡º Australia,builtwith-2026-02-18.json,nab.com.au
napapijri.com,"20,000+",ğŸ‡®ğŸ‡¹,builtwith-2026-02-18 (1).json,napapijri.com
nasdaq.com,Very High,ğŸ‡«ğŸ‡·,builtwith-2026-02-18.json,nasdaq.com
nationwide.com,High,ğŸ‡ºğŸ‡¸ United States,builtwith-2026-02-18.json,nationwide.com
nautica.com,"200,000+",ğŸ‡ºğŸ‡¸ United States,builtwith-2026-02-18 (1).json,nautica.com
nba.com,Very High,ğŸ‡ºğŸ‡¸ United States,builtwith-2026-02-18.json,nba.com
nbcuni.com,Very High,ğŸ‡ºğŸ‡¸ United States,builtwith-2026-02-18.json,nbcuni.com
nespresso.com,"50,000+",ğŸ‡ºğŸ‡¸ United States,builtwith-2026-02-18 (1).json,nespresso.com
netapp.com,High,ğŸ‡ºğŸ‡¸ United States,builtwith-2026-02-18.json,netapp.com
netgear.com,"50,000+",ğŸ‡ºğŸ‡¸ United States,builtwith-2026-02-18.json,netgear.com
newark.com,High,ğŸ‡ºğŸ‡¸ United States,builtwith-2026-02-18.json,newark.com
news.com.au,Very High,ğŸ‡¦ğŸ‡º Australia,builtwith-2026-02-18.json,news.com.au
nfl.com,Very High,ğŸ‡ºğŸ‡¸ United States,builtwith-2026-02-18.json,nfl.com
nfm.com,"20,000+",ğŸ‡ºğŸ‡¸ United States,builtwith-2026-02-18 (1).json,nfm.com
ni.com,Very High,ğŸ‡ºğŸ‡¸ United States,builtwith-2026-02-18.json,ni.com
nielsen.com,Very High,ğŸ‡ºğŸ‡¸ United States,builtwith-2026-02-18.json,nielsen.com
nokia.com,"1,500,000+",ğŸ‡«ğŸ‡®,builtwith-2026-02-18.json,nokia.com
northerntrust.com,Medium,ğŸ‡ºğŸ‡¸ United States,builtwith-2026-02-18.json,northerntrust.com
novonordisk.com,High,ğŸ‡©ğŸ‡°,builtwith-2026-02-18.json,novonordisk.com
nttdata.com,"10,000+",ğŸ‡ºğŸ‡¸ United States,builtwith-2026-02-18.json,nttdata.com
nuorder.com,"1,000+",ğŸ‡ºğŸ‡¸ United States,builtwith-2026-02-18 (1).json,nuorder.com
nutanix.com,"50,000+",ğŸ‡ºğŸ‡¸ United States,builtwith-2026-02-18.json,nutanix.com
nutribullet.com,"300,000+",ğŸ‡ºğŸ‡¸ United States,builtwith-2026-02-18 (1).json,nutribullet.com
nvidia.com,Very High,ğŸ‡ºğŸ‡¸ United States,builtwith-2026-02-18.json,nvidia.com
oakley.com,"300,000+",ğŸ‡ºğŸ‡¸ United States,builtwith-2026-02-18 (1).json,oakley.com
odpbusiness.com,$10000+,ğŸ‡ºğŸ‡¸ United States,builtwith-2026-02-18 (1).json,odpbusiness.com
ohpolly.com,"5,000,000+",ğŸ‡¬ğŸ‡§,builtwith-2026-02-18 (1).json,ohpolly.com
olivegarden.com,High,ğŸ‡ºğŸ‡¸ United States,builtwith-2026-02-18 (1).json,olivegarden.com
oliviaburton.com,"10,000+",ğŸ‡ºğŸ‡¸ United States,builtwith-2026-02-18 (1).json,oliviaburton.com
onepeloton.com,Very High,ğŸ‡ºğŸ‡¸ United States,builtwith-2026-02-18 (1).json,onepeloton.com
onestopplus.com,"20,000+",ğŸ‡ºğŸ‡¸ United States,builtwith-2026-02-18 (1).json,onestopplus.com
onetrust.com,Very High,ğŸ‡ºğŸ‡¸ United States,builtwith-2026-02-18.json,onetrust.com
onitsukatiger.com,"20,000+",ğŸ‡ºğŸ‡¸ United States,builtwith-2026-02-18 (1).json,onitsukatiger.com
onlinemetals.com,500+,ğŸ‡ºğŸ‡¸ United States,builtwith-2026-02-18 (1).json,onlinemetals.com
opentext.com,Very High,ğŸ‡¨ğŸ‡¦,builtwith-2026-02-18.json,opentext.com
optimizely.com,"5,000+",ğŸ‡ºğŸ‡¸ United States,builtwith-2026-02-18.json,optimizely.com
oracle.com,Very High,,builtwith-2026-02-18.json,oracle.com
orange.es,Very High,ğŸ‡ªğŸ‡¸,builtwith-2026-02-18 (1).json,orange.es
ortho.com,500+,ğŸ‡ºğŸ‡¸ United States,builtwith-2026-02-18 (1).json,ortho.com
orvis.com,"2,000+",ğŸ‡ºğŸ‡¸ United States,builtwith-2026-02-18 (1).json,orvis.com
overstock.com,"500,000+",ğŸ‡ºğŸ‡¸ United States,builtwith-2026-02-18 (1).json,overstock.com
oxatis.com,"2,000+",ğŸ‡«ğŸ‡·,builtwith-2026-02-18 (1).json,oxatis.com
page.tl,$10000+,ğŸ‡¹ğŸ‡±,builtwith-2026-02-18.json,page.tl
paloaltonetworks.com,Very High,ğŸ‡¨ğŸ‡³,builtwith-2026-02-18.json,paloaltonetworks.com
paloaltonetworks.com.au,"100,000+",ğŸ‡³ğŸ‡±,builtwith-2026-02-18.json,paloaltonetworks.com.au
panasonic.com,Very High,ğŸ‡ºğŸ‡¸ United States,builtwith-2026-02-18.json,panasonic.com
pandora.net,"100,000+",ğŸ‡ºğŸ‡¸ United States,builtwith-2026-02-18 (1).json,pandora.net
panduit.com,High,ğŸ‡ºğŸ‡¸ United States,builtwith-2026-02-18.json,panduit.com
pantheon.io,High,ğŸ‡ºğŸ‡¸ United States,builtwith-2026-02-18.json,pantheon.io
paramount.com,"9,209",,builtwith-2026-02-18 (3).json,certificates.paramount.com
partstown.ca,Medium,ğŸ‡ºğŸ‡¸ United States,builtwith-2026-02-18 (1).json,partstown.ca
partstown.com,"2,000+",ğŸ‡ºğŸ‡¸ United States,builtwith-2026-02-18 (1).json,partstown.com
pasadenastarnews.com,"2,834+",,builtwith-2026-02-18 (3).json,pasadenastarnews.com
patagonia.com,Very High,ğŸ‡ºğŸ‡¸ United States,builtwith-2026-02-18.json,patagonia.com
patagonia.jp,"50,000+",ğŸ‡ºğŸ‡¸ United States,builtwith-2026-02-18 (1).json,patagonia.jp
paychex.com,Very High,ğŸ‡ºğŸ‡¸ United States,builtwith-2026-02-18.json,paychex.com
paypal.com,Very High,ğŸ‡ºğŸ‡¸ United States,builtwith-2026-02-18.json,paypal.com
pearson.com,"50,000+",ğŸ‡¬ğŸ‡§,builtwith-2026-02-18.json,pearson.com
penfed.org,High,ğŸ‡ºğŸ‡¸ United States,builtwith-2026-02-18 (1).json,penfed.org
pentair.com,High,ğŸ‡ºğŸ‡¸ United States,builtwith-2026-02-18.json,pentair.com
peoplesjewellers.com,Medium,ğŸ‡ºğŸ‡¸ United States,builtwith-2026-02-18 (1).json,peoplesjewellers.com
pepboys.com,"10,000+",ğŸ‡ºğŸ‡¸ United States,builtwith-2026-02-18 (1).json,pepboys.com
peterthomasroth.com,"2,000+",ğŸ‡ºğŸ‡¸ United States,builtwith-2026-02-18 (1).json,peterthomasroth.com
petsmart.com,"200,000+",ğŸ‡ºğŸ‡¸ United States,builtwith-2026-02-18 (1).json,petsmart.com
pfizer.com,Very High,ğŸ‡ºğŸ‡¸ United States,builtwith-2026-02-18.json,pfizer.com
pgatoursuperstore.com,"100,000+",ğŸ‡ºğŸ‡¸ United States,builtwith-2026-02-18 (1).json,pgatoursuperstore.com
philanthropy.com,"200,000+",ğŸ‡ºğŸ‡¸ United States,builtwith-2026-02-18.json,philanthropy.com
philips.com.au,"50,000+",ğŸ‡¦ğŸ‡º Australia,builtwith-2026-02-18.json,philips.com.au
phonak.com,High,ğŸ‡ºğŸ‡¸ United States,builtwith-2026-02-18.json,phonak.com
pitneybowes.com,High,ğŸ‡ºğŸ‡¸ United States,builtwith-2026-02-18.json,pitneybowes.com
playstation.com,Very High,,builtwith-2026-02-18.json,playstation.com
pluralsight.com,"200,000+",ğŸ‡®ğŸ‡ª,builtwith-2026-02-18.json,pluralsight.com
polb.com,$10000+,ğŸ‡ºğŸ‡¸ United States,builtwith-2026-02-18.json,polb.com
popsockets.com,"10,000+",ğŸ‡ºğŸ‡¸ United States,builtwith-2026-02-18 (1).json,popsockets.com
popsugar.com,Very High,ğŸ‡ºğŸ‡¸ United States,builtwith-2026-02-18 (1).json,popsugar.com
porsche.com,"10,000,000+",ğŸ‡©ğŸ‡ª,builtwith-2026-02-18.json,porsche.com
postoffice.co.uk,High,ğŸ‡¬ğŸ‡§,builtwith-2026-02-18.json,postoffice.co.uk
prana.com,"20,000+",ğŸ‡ºğŸ‡¸ United States,builtwith-2026-02-18.json,prana.com
principal.com,Very High,ğŸ‡ºğŸ‡¸ United States,builtwith-2026-02-18.json,principal.com
procore.com,"10,000+",ğŸ‡ºğŸ‡¸ United States,builtwith-2026-02-18.json,procore.com
productboard.com,High,ğŸ‡ºğŸ‡¸ United States,builtwith-2026-02-18.json,productboard.com
prudential.com,Very High,ğŸ‡ºğŸ‡¸ United States,builtwith-2026-02-18.json,prudential.com
purchasingpower.com,"1,000+",ğŸ‡ºğŸ‡¸ United States,builtwith-2026-02-18 (1).json,purchasingpower.com
purestorage.com,Very High,ğŸ‡ºğŸ‡¸ United States,builtwith-2026-02-18.json,purestorage.com
pwc.com,Very High,ğŸ‡ºğŸ‡¸ United States,builtwith-2026-02-18.json,pwc.com
q2.com,Medium,ğŸ‡¬ğŸ‡§,builtwith-2026-02-18.json,q2.com
qantas.com,"500,000+",ğŸ‡¦ğŸ‡º Australia,builtwith-2026-02-18.json,qantas.com
qatarairways.com,"1,500,000+",ğŸ‡¶ğŸ‡¦,builtwith-2026-02-18.json,qatarairways.com
quantum.com,"20,000+",ğŸ‡²ğŸ‡½,builtwith-2026-02-18 (1).json,quantum.com
questdiagnostics.com,High,ğŸ‡ºğŸ‡¸ United States,builtwith-2026-02-18.json,questdiagnostics.com
qvc.de,100+,ğŸ‡©ğŸ‡ª,builtwith-2026-02-18 (1).json,qvc.de
qvcuk.com,"50,000+",ğŸ‡¬ğŸ‡§,builtwith-2026-02-18 (1).json,qvcuk.com
racv.com.au,"5,000+",ğŸ‡¦ğŸ‡º Australia,builtwith-2026-02-18.json,racv.com.au
radley.co.uk,"20,000+",ğŸ‡¬ğŸ‡§,builtwith-2026-02-18 (1).json,radley.co.uk
radleylondon.com,"20,000+",ğŸ‡ºğŸ‡¸ United States,builtwith-2026-02-18 (1).json,radleylondon.com
raintreeinc.com,"99,322",,builtwith-2026-02-18 (3).json,raintreeinc.com
ralphlauren.ch,Medium,ğŸ‡¨ğŸ‡­,builtwith-2026-02-18 (1).json,ralphlauren.ch
ralphlauren.com,High,ğŸ‡ºğŸ‡¸ United States,builtwith-2026-02-18 (1).json,ralphlauren.com
ralphlauren.com.au,"10,000,000+",ğŸ‡¦ğŸ‡º Australia,builtwith-2026-02-18 (1).json,ralphlauren.com.au
ray-ban.com,Very High,ğŸ‡ºğŸ‡¸ United States,builtwith-2026-02-18 (1).json,ray-ban.com
realtor.com,Very High,ğŸ‡ºğŸ‡¸ United States,builtwith-2026-02-18.json,realtor.com
redcross.org,"3,000,000+",ğŸ‡ºğŸ‡¸ United States,builtwith-2026-02-18.json,redcross.org
redhat.com,Very High,ğŸ‡ºğŸ‡¸ United States,builtwith-2026-02-18.json,redhat.com
redkap.com,"20,000+",ğŸ‡ºğŸ‡¸ United States,builtwith-2026-02-18 (1).json,redkap.com
redwingshoes.com,"20,000+",ğŸ‡ºğŸ‡¸ United States,builtwith-2026-02-18 (1).json,redwingshoes.com
reece.com.au,"2,000+",ğŸ‡¦ğŸ‡º Australia,builtwith-2026-02-18 (1).json,reece.com.au
rei.com,Very High,ğŸ‡ºğŸ‡¸ United States,builtwith-2026-02-18.json,rei.com
rentacenter.com,High,ğŸ‡ºğŸ‡¸ United States,builtwith-2026-02-18 (1).json,rentacenter.com
resmed.com,High,ğŸ‡ºğŸ‡¸ United States,builtwith-2026-02-18.json,resmed.com
ringcentral.com,"5,000+",ğŸ‡ºğŸ‡¸ United States,builtwith-2026-02-18.json,ringcentral.com
rituals.com,"1,000,000+",ğŸ‡³ğŸ‡±,builtwith-2026-02-18 (1).json,rituals.com
roberthalf.com,"19,798",,builtwith-2026-02-18 (3).json,careers.roberthalf.com
roche.com,Very High,ğŸ‡ºğŸ‡¸ United States,builtwith-2026-02-18.json,roche.com
rocketsoftware.com,High,ğŸ‡ºğŸ‡¸ United States,builtwith-2026-02-18.json,rocketsoftware.com
rockwellautomation.com,$10000+,ğŸ‡ºğŸ‡¸ United States,builtwith-2026-02-18.json,rockwellautomation.com
rockyboots.com,"10,000+",ğŸ‡ºğŸ‡¸ United States,builtwith-2026-02-18 (1).json,rockyboots.com
roddandgunn.com,238+,,builtwith-2026-02-18 (3).json,join.roddandgunn.com
rogers.com,Very High,ğŸ‡¨ğŸ‡¦,builtwith-2026-02-18.json,rogers.com
rona.ca,"10,000+",ğŸ‡¨ğŸ‡¦,builtwith-2026-02-18 (1).json,rona.ca
roundup.com,$10000+,,builtwith-2026-02-18 (1).json,roundup.com
royalcanin.com,"10,000+",ğŸ‡ºğŸ‡¸ United States,builtwith-2026-02-18 (1).json,royalcanin.com
royalcaribbean.com,Very High,ğŸ‡ºğŸ‡¸ United States,builtwith-2026-02-18.json,royalcaribbean.com
ryder.com,High,ğŸ‡ºğŸ‡¸ United States,builtwith-2026-02-18.json,ryder.com
safetyculture.com,High,,builtwith-2026-02-18.json,safetyculture.com
sage.com,Very High,ğŸ‡ºğŸ‡¸ United States,builtwith-2026-02-18.json,sage.com
sageappliances.com,Medium,ğŸ‡©ğŸ‡ª,builtwith-2026-02-18 (1).json,sageappliances.com
saksfifthavenue.com,"300,000+",ğŸ‡ºğŸ‡¸ United States,builtwith-2026-02-18 (1).json,saksfifthavenue.com
salesloft.com,Very High,ğŸ‡ºğŸ‡¸ United States,builtwith-2026-02-18.json,salesloft.com
samsclub.com,Very High,ğŸ‡ºğŸ‡¸ United States,builtwith-2026-02-18.json,samsclub.com
samsung.com,"750,000+",ğŸ‡ºğŸ‡¸ United States,builtwith-2026-02-18.json,samsung.com
sandiegouniontribune.com,281+,,builtwith-2026-02-18 (3).json,sandiegouniontribune.com
sap.com,"20,000+",ğŸ‡©ğŸ‡ª,builtwith-2026-02-18.json,sap.com
saucelabs.com,"27,831",,builtwith-2026-02-18 (3).json,saucelabs.com
scania.com,"1,000,000+",ğŸ‡¸ğŸ‡ª,builtwith-2026-02-18.json,scania.com
schindler.com,"5,000+",ğŸ‡ºğŸ‡¸ United States,builtwith-2026-02-18.json,schindler.com
scotts.com,50+,,builtwith-2026-02-18 (1).json,scotts.com
sealedair.com,$10000+,ğŸ‡ºğŸ‡¸ United States,builtwith-2026-02-18.json,sealedair.com
searay.com,Medium,ğŸ‡ºğŸ‡¸ United States,builtwith-2026-02-18.json,searay.com
seek.com.au,"20,000+",ğŸ‡¦ğŸ‡º Australia,builtwith-2026-02-18 (1).json,seek.com.au
sephora.com,Very High,ğŸ‡ºğŸ‡¸ United States,builtwith-2026-02-18.json,sephora.com
sergiorossi.com,"10,000+",ğŸ‡ºğŸ‡¸ United States,builtwith-2026-02-18 (1).json,sergiorossi.com
servpro.com,"5,000+",ğŸ‡ºğŸ‡¸ United States,builtwith-2026-02-18 (1).json,servpro.com
seton.com,"2,000+",ğŸ‡ºğŸ‡¸ United States,builtwith-2026-02-18 (1).json,seton.com
sgproof.com,Medium,ğŸ‡ºğŸ‡¸ United States,builtwith-2026-02-18 (1).json,sgproof.com
sharethis.com,Very High,ğŸ‡ºğŸ‡¸ United States,builtwith-2026-02-18.json,sharethis.com
shell.com,Very High,ğŸ‡ºğŸ‡¸ United States,builtwith-2026-02-18.json,shell.com
sherwin-williams.com,High,ğŸ‡ºğŸ‡¸ United States,builtwith-2026-02-18.json,sherwin-williams.com
shoecarnival.com,"100,000+",ğŸ‡ºğŸ‡¸ United States,builtwith-2026-02-18 (1).json,shoecarnival.com
shrm.org,"150,000+",,builtwith-2026-02-18.json,shrm.org
shutterfly.com,Very High,,builtwith-2026-02-18.json,shutterfly.com
siemens-energy.com,"200,000+",ğŸ‡¦ğŸ‡º Australia,builtwith-2026-02-18.json,siemens-energy.com
siemens.com,"200,000+",ğŸ‡ºğŸ‡¸ United States,builtwith-2026-02-18.json,siemens.com
sierrawireless.com,Medium,ğŸ‡¯ğŸ‡µ,builtwith-2026-02-18.json,sierrawireless.com
silabs.com,$10000+,ğŸ‡ºğŸ‡¸ United States,builtwith-2026-02-18.json,silabs.com
siteone.com,High,ğŸ‡ºğŸ‡¸ United States,builtwith-2026-02-18 (1).json,siteone.com
skechers.com,Very High,ğŸ‡ºğŸ‡¸ United States,builtwith-2026-02-18 (1).json,skechers.com
sky.com,Very High,ğŸ‡¬ğŸ‡§,builtwith-2026-02-18.json,sky.com
slb.com,"2,000+",ğŸ‡ºğŸ‡¸ United States,builtwith-2026-02-18.json,slb.com
smallhd.com,"20,000+",ğŸ‡ºğŸ‡¸ United States,builtwith-2026-02-18 (1).json,smallhd.com
smith-wesson.com,"500,000+",ğŸ‡ºğŸ‡¸ United States,builtwith-2026-02-18 (1).json,smith-wesson.com
snowflake.com,"20,000+",ğŸ‡ºğŸ‡¸ United States,builtwith-2026-02-18.json,snowflake.com
sodimac.cl,$10000+,ğŸ‡¨ğŸ‡±,builtwith-2026-02-18 (1).json,sodimac.cl
sofi.com,"2,000+",ğŸ‡ºğŸ‡¸ United States,builtwith-2026-02-18.json,sofi.com
softwareag.com,"20,000+",ğŸ‡©ğŸ‡ª,builtwith-2026-02-18.json,softwareag.com
solarwinds.com,"10,000+",ğŸ‡ºğŸ‡¸ United States,builtwith-2026-02-18.json,solarwinds.com
sonos.com,"150,000+",ğŸ‡ºğŸ‡¸ United States,builtwith-2026-02-18.json,sonos.com
sony.com,Very High,ğŸ‡ºğŸ‡¸ United States,builtwith-2026-02-18.json,sony.com
sony.com.au,"50,000+",ğŸ‡¦ğŸ‡º Australia,builtwith-2026-02-18 (1).json,sony.com.au
sophos.com,Very High,ğŸ‡ºğŸ‡¸ United States,builtwith-2026-02-18.json,sophos.com
sorel.at,"20,000+",ğŸ‡¨ğŸ‡­,builtwith-2026-02-18 (1).json,sorel.at
sorel.com,"300,000+",ğŸ‡ºğŸ‡¸ United States,builtwith-2026-02-18 (1).json,sorel.com
sorel.ee,"20,000+",ğŸ‡¨ğŸ‡­,builtwith-2026-02-18 (1).json,sorel.ee
sorel.fi,"20,000+",ğŸ‡¨ğŸ‡­,builtwith-2026-02-18 (1).json,sorel.fi
sorel.ie,"20,000+",ğŸ‡¨ğŸ‡­,builtwith-2026-02-18 (1).json,sorel.ie
sorel.it,"20,000+",ğŸ‡®ğŸ‡¹,builtwith-2026-02-18 (1).json,sorel.it
sorel.no,"20,000+",ğŸ‡¨ğŸ‡­,builtwith-2026-02-18 (1).json,sorel.no
sorel.se,"20,000+",ğŸ‡¨ğŸ‡­,builtwith-2026-02-18 (1).json,sorel.se
sorelfootwear.be,"300,000+",ğŸ‡¨ğŸ‡­,builtwith-2026-02-18 (1).json,sorelfootwear.be
sorelfootwear.ca,"20,000+",ğŸ‡ºğŸ‡¸ United States,builtwith-2026-02-18 (1).json,sorelfootwear.ca
sorelfootwear.co.uk,"20,000+",ğŸ‡¨ğŸ‡­,builtwith-2026-02-18 (1).json,sorelfootwear.co.uk
sorelfootwear.cz,"20,000+",ğŸ‡¨ğŸ‡­,builtwith-2026-02-18 (1).json,sorelfootwear.cz
sorelfootwear.de,"20,000+",ğŸ‡¨ğŸ‡­,builtwith-2026-02-18 (1).json,sorelfootwear.de
sorelfootwear.dk,"20,000+",ğŸ‡¨ğŸ‡­,builtwith-2026-02-18 (1).json,sorelfootwear.dk
sorelfootwear.es,"20,000+",ğŸ‡¨ğŸ‡­,builtwith-2026-02-18 (1).json,sorelfootwear.es
sorelfootwear.fr,"20,000+",ğŸ‡«ğŸ‡·,builtwith-2026-02-18 (1).json,sorelfootwear.fr
sorelfootwear.nl,"20,000+",ğŸ‡¨ğŸ‡­,builtwith-2026-02-18 (1).json,sorelfootwear.nl
sorelfootwear.pl,"20,000+",ğŸ‡¨ğŸ‡­,builtwith-2026-02-18 (1).json,sorelfootwear.pl
southco.com,10+,ğŸ‡ºğŸ‡¸ United States,builtwith-2026-02-18 (1).json,southco.com
southwest.com,Very High,ğŸ‡ºğŸ‡¸ United States,builtwith-2026-02-18.json,southwest.com
southwestordering.com,-,ğŸ‡ºğŸ‡¸ United States,builtwith-2026-02-18 (1).json,southwestordering.com
spark.co.nz,High,ğŸ‡³ğŸ‡¿,builtwith-2026-02-18.json,spark.co.nz
spglobal.com,Very High,ğŸ‡ºğŸ‡¸ United States,builtwith-2026-02-18.json,spglobal.com
splunk.com,Very High,ğŸ‡«ğŸ‡·,builtwith-2026-02-18.json,splunk.com
sportradar.com,Very High,ğŸ‡¨ğŸ‡­,builtwith-2026-02-18.json,sportradar.com
st.com,Very High,ğŸ‡«ğŸ‡·,builtwith-2026-02-18.json,st.com
stanfordhealthcare.org,"9,828+",,builtwith-2026-02-18 (3).json,careers.stanfordhealthcare.org
stantec.com,"20,000+",ğŸ‡³ğŸ‡±,builtwith-2026-02-18.json,stantec.com
staples.com,Very High,ğŸ‡ºğŸ‡¸ United States,builtwith-2026-02-18.json,staples.com
staplesadvantage.com,"20,000+",ğŸ‡ºğŸ‡¸ United States,builtwith-2026-02-18.json,staplesadvantage.com
staplespromo.com,"2,000+",ğŸ‡ºğŸ‡¸ United States,builtwith-2026-02-18 (1).json,staplespromo.com
statestreet.com,High,ğŸ‡ºğŸ‡¸ United States,builtwith-2026-02-18.json,statestreet.com
stjude.org,"400,000+",ğŸ‡ºğŸ‡¸ United States,builtwith-2026-02-18.json,stjude.org
stryker.com,High,ğŸ‡ºğŸ‡¸ United States,builtwith-2026-02-18.json,stryker.com
sunbeltrentals.com,"5,000+",ğŸ‡ºğŸ‡¸ United States,builtwith-2026-02-18 (1).json,sunbeltrentals.com
sunstargum.com,"5,000+",ğŸ‡¨ğŸ‡¦,builtwith-2026-02-18 (1).json,sunstargum.com
surepayroll.com,"2,000+",ğŸ‡ºğŸ‡¸ United States,builtwith-2026-02-18 (1).json,surepayroll.com
swarovski.com,"200,000+",ğŸ‡¦ğŸ‡¹,builtwith-2026-02-18.json,swarovski.com
t-mobile.com,Very High,ğŸ‡ºğŸ‡¸ United States,builtwith-2026-02-18.json,t-mobile.com
tableau.com,"150,000+",ğŸ‡ºğŸ‡¸ United States,builtwith-2026-02-18 (1).json,tableau.com
takeda.com,"20,000+",ğŸ‡¯ğŸ‡µ,builtwith-2026-02-18.json,takeda.com
target.com,Very High,ğŸ‡ºğŸ‡¸ United States,builtwith-2026-02-18.json,target.com
target.com.au,"1,500,000+",ğŸ‡¦ğŸ‡º Australia,builtwith-2026-02-18 (1).json,target.com.au
tcs.com,"20,000+",ğŸ‡®ğŸ‡³,builtwith-2026-02-18.json,tcs.com
tdsynnex.com,"36,955",,builtwith-2026-02-18 (3).json,ion.tdsynnex.com
te.com,"20,000+",ğŸ‡ºğŸ‡¸ United States,builtwith-2026-02-18.json,te.com
technogym.com,"20,000+",ğŸ‡ºğŸ‡¸ United States,builtwith-2026-02-18 (1).json,technogym.com
teleflora.com,"10,000+",ğŸ‡ºğŸ‡¸ United States,builtwith-2026-02-18 (1).json,teleflora.com
telegraph.co.uk,Very High,ğŸ‡¬ğŸ‡§,builtwith-2026-02-18.json,telegraph.co.uk
telekom.de,"50,000+",ğŸ‡©ğŸ‡ª,builtwith-2026-02-18 (1).json,telekom.de
telstra.com.au,"100,000+",ğŸ‡¦ğŸ‡º Australia,builtwith-2026-02-18.json,telstra.com.au
telus.com,Very High,ğŸ‡¨ğŸ‡¦,builtwith-2026-02-18.json,telus.com
tennantco.com,"1,000+",ğŸ‡ºğŸ‡¸ United States,builtwith-2026-02-18.json,tennantco.com
terex.com,Medium,ğŸ‡ºğŸ‡¸ United States,builtwith-2026-02-18 (1).json,terex.com
tescomobile.com,"50,000+",ğŸ‡¬ğŸ‡§,builtwith-2026-02-18 (1).json,tescomobile.com
tetrapak.com,"20,000+",ğŸ‡ºğŸ‡¸ United States,builtwith-2026-02-18.json,tetrapak.com
thalesgroup.com,"50,000+",ğŸ‡«ğŸ‡·,builtwith-2026-02-18.json,thalesgroup.com
thebodyshop.com,"20,000+",ğŸ‡¬ğŸ‡§,builtwith-2026-02-18.json,thebodyshop.com
thehartford.com,High,ğŸ‡ºğŸ‡¸ United States,builtwith-2026-02-18 (1).json,thehartford.com
thenorthface.com,Very High,ğŸ‡ºğŸ‡¸ United States,builtwith-2026-02-18.json,thenorthface.com
thenorthface.de,Medium,ğŸ‡¬ğŸ‡§,builtwith-2026-02-18 (1).json,thenorthface.de
thenorthface.fr,Medium,ğŸ‡¬ğŸ‡§,builtwith-2026-02-18 (1).json,thenorthface.fr
thenorthface.ie,Medium,ğŸ‡®ğŸ‡¹,builtwith-2026-02-18 (1).json,thenorthface.ie
thenorthface.pl,Medium,ğŸ‡¬ğŸ‡§,builtwith-2026-02-18 (1).json,thenorthface.pl
thenorthface.se,Medium,ğŸ‡®ğŸ‡¹,builtwith-2026-02-18 (1).json,thenorthface.se
thermofisher.com,Very High,ğŸ‡ºğŸ‡¸ United States,builtwith-2026-02-18.json,thermofisher.com
thermoking.com,Medium,ğŸ‡ºğŸ‡¸ United States,builtwith-2026-02-18.json,thermoking.com
thewhitecompany.com,"20,000+",ğŸ‡¬ğŸ‡§,builtwith-2026-02-18 (1).json,thewhitecompany.com
thomsonreuters.com,Very High,ğŸ‡ºğŸ‡¸ United States,builtwith-2026-02-18.json,thomsonreuters.com
thoughtworks.com,"150,000+",ğŸ‡ºğŸ‡¸ United States,builtwith-2026-02-18.json,thoughtworks.com
thousandeyes.com,"2,380",,builtwith-2026-02-18 (3).json,octopus.thousandeyes.com
tibco.com,"20,000+",ğŸ‡ºğŸ‡¸ United States,builtwith-2026-02-18.json,tibco.com
ticketmaster.com,"2,337",,builtwith-2026-02-18 (3).json,ticketmaster.com
tiffany.com,High,ğŸ‡ºğŸ‡¸ United States,builtwith-2026-02-18 (1).json,tiffany.com
timberland.com,"100,000+",ğŸ‡ºğŸ‡¸ United States,builtwith-2026-02-18.json,timberland.com
timbertech.com,"5,000+",ğŸ‡ºğŸ‡¸ United States,builtwith-2026-02-18 (1).json,timbertech.com
titan.co.in,"2,000+",ğŸ‡®ğŸ‡³,builtwith-2026-02-18 (1).json,titan.co.in
titleist.com,"400,000+",ğŸ‡ºğŸ‡¸ United States,builtwith-2026-02-18 (1).json,titleist.com
tivo.com,"20,000+",ğŸ‡ºğŸ‡¸ United States,builtwith-2026-02-18 (1).json,tivo.com
tomcatbrand.com,Medium,,builtwith-2026-02-18 (1).json,tomcatbrand.com
tommy.com,$10000+,ğŸ‡ºğŸ‡¸ United States,builtwith-2026-02-18 (1).json,usa.tommy.com
tommybahama.com,"10,000+",ğŸ‡ºğŸ‡¸ United States,builtwith-2026-02-18.json,tommybahama.com
tomsofmaine.com,"10,000+",ğŸ‡ºğŸ‡¸ United States,builtwith-2026-02-18 (1).json,tomsofmaine.com
torani.com,"20,000+",ğŸ‡ºğŸ‡¸ United States,builtwith-2026-02-18 (1).json,torani.com
torrid.com,"50,000+",ğŸ‡ºğŸ‡¸ United States,builtwith-2026-02-18 (1).json,torrid.com
toshiba.com,"100,000+",ğŸ‡ºğŸ‡¸ United States,builtwith-2026-02-18.json,toshiba.com
tous.com,High,ğŸ‡ºğŸ‡¸ United States,builtwith-2026-02-18 (1).json,tous.com
towerhobbies.com,"10,000+",ğŸ‡ºğŸ‡¸ United States,builtwith-2026-02-18 (1).json,towerhobbies.com
toyota.com,Very High,ğŸ‡ºğŸ‡¸ United States,builtwith-2026-02-18.json,toyota.com
tractorsupply.com,Very High,ğŸ‡ºğŸ‡¸ United States,builtwith-2026-02-18.json,tractorsupply.com
transunion.com,Very High,ğŸ‡ºğŸ‡¸ United States,builtwith-2026-02-18.json,transunion.com
travelers.com,High,ğŸ‡ºğŸ‡¸ United States,builtwith-2026-02-18.json,travelers.com
travismathew.com,"50,000+",ğŸ‡ºğŸ‡¸ United States,builtwith-2026-02-18 (1).json,travismathew.com
trellix.com,"200,000+",ğŸ‡ºğŸ‡¸ United States,builtwith-2026-02-18.json,trellix.com
trex.com,"50,000+",ğŸ‡ºğŸ‡¸ United States,builtwith-2026-02-18 (1).json,trex.com
trinet.com,High,ğŸ‡®ğŸ‡ª,builtwith-2026-02-18.json,trinet.com
tui.co.uk,"200,000+",ğŸ‡¬ğŸ‡§,builtwith-2026-02-18 (1).json,tui.co.uk
tumi.com,"20,000+",ğŸ‡ºğŸ‡¸ United States,builtwith-2026-02-18 (1).json,tumi.com
turtle.com,500+,ğŸ‡ºğŸ‡¸ United States,builtwith-2026-02-18 (1).json,turtle.com
twilio.com,Very High,ğŸ‡ºğŸ‡¸ United States,builtwith-2026-02-18.json,twilio.com
tyr.com,"20,000+",ğŸ‡ºğŸ‡¸ United States,builtwith-2026-02-18 (1).json,tyr.com
tyro.com,"2,000+",ğŸ‡ºğŸ‡¸ United States,builtwith-2026-02-18.json,tyro.com
u-can.co.jp,Medium,ğŸ‡¯ğŸ‡µ,builtwith-2026-02-18 (1).json,u-can.co.jp
uber.com,Very High,ğŸ‡ºğŸ‡¸ United States,builtwith-2026-02-18.json,uber.com
ubs.com,"50,000+",ğŸ‡¦ğŸ‡º Australia,builtwith-2026-02-18.json,ubs.com
udacity.com,"10,673",,builtwith-2026-02-18 (3).json,engineering.udacity.com
udemy.com,"3,979+",,builtwith-2026-02-18 (3).json,udemy.com
uhc.com,Very High,ğŸ‡ºğŸ‡¸ United States,builtwith-2026-02-18.json,uhc.com
uipath.com,"10,000+",ğŸ‡ºğŸ‡¸ United States,builtwith-2026-02-18.json,uipath.com
ulta.com,Very High,ğŸ‡ºğŸ‡¸ United States,builtwith-2026-02-18 (1).json,ulta.com
underarmour.co.kr,"50,000+",ğŸ‡ºğŸ‡¸ United States,builtwith-2026-02-18 (1).json,underarmour.co.kr
underarmour.com,Very High,ğŸ‡ºğŸ‡¸ United States,builtwith-2026-02-18.json,underarmour.com
underarmour.com.au,"750,000+",ğŸ‡¦ğŸ‡º Australia,builtwith-2026-02-18 (1).json,underarmour.com.au
underarmour.com.sg,High,ğŸ‡ºğŸ‡¸ United States,builtwith-2026-02-18 (1).json,underarmour.com.sg
underarmour.hk,Medium,ğŸ‡ºğŸ‡¸ United States,builtwith-2026-02-18 (1).json,underarmour.hk
unisys.com,"20,000+",ğŸ‡ºğŸ‡¸ United States,builtwith-2026-02-18.json,unisys.com
unity.com,"2,000+",,builtwith-2026-02-18 (3).json,unityeditordesignsystem.unity.com
ups.com,Very High,ğŸ‡ºğŸ‡¸ United States,builtwith-2026-02-18.json,ups.com
usbank.com,"20,000+",ğŸ‡ºğŸ‡¸ United States,builtwith-2026-02-18.json,usbank.com
usercentrics.eu,$10000+,ğŸ‡ªğŸ‡º European Union,builtwith-2026-02-18.json,usercentrics.eu
userway.org,Very High,ğŸ‡ºğŸ‡¸ United States,builtwith-2026-02-18.json,userway.org
usmint.gov,High,ğŸ‡ºğŸ‡¸ United States,builtwith-2026-02-18 (1).json,usmint.gov
veeam.com,"50,000+",ğŸ‡ºğŸ‡¸ United States,builtwith-2026-02-18.json,veeam.com
verisk.com,High,ğŸ‡ºğŸ‡¸ United States,builtwith-2026-02-18.json,verisk.com
veritas.com,High,ğŸ‡ºğŸ‡¸ United States,builtwith-2026-02-18.json,veritas.com
verizon.com,Very High,ğŸ‡ºğŸ‡¸ United States,builtwith-2026-02-18.json,verizon.com
versace.com,"3,000,000+",ğŸ‡ºğŸ‡¸ United States,builtwith-2026-02-18 (1).json,versace.com
verygoodsecurity.com,Medium,ğŸ‡ºğŸ‡¸ United States,builtwith-2026-02-18.json,verygoodsecurity.com
vestas.com,"50,000+",ğŸ‡©ğŸ‡°,builtwith-2026-02-18.json,vestas.com
victorinox.com,High,ğŸ‡ºğŸ‡¸ United States,builtwith-2026-02-18 (1).json,victorinox.com
viewsonic.com,"1,000+",ğŸ‡ºğŸ‡¸ United States,builtwith-2026-02-18 (1).json,viewsonic.com
vimeo.com,Very High,ğŸ‡ºğŸ‡¸ United States,builtwith-2026-02-18.json,vimeo.com
vineyardvines.com,"750,000+",ğŸ‡ºğŸ‡¸ United States,builtwith-2026-02-18 (1).json,vineyardvines.com
visma.com,"1,000+",ğŸ‡³ğŸ‡´,builtwith-2026-02-18 (1).json,visma.com
visualwebsiteoptimizer.com,$10000+,ğŸ‡ºğŸ‡¸ United States,builtwith-2026-02-18.json,visualwebsiteoptimizer.com
voestalpine.com,"5,000+",ğŸ‡¦ğŸ‡¹,builtwith-2026-02-18.json,voestalpine.com
volvo.com,High,ğŸ‡¸ğŸ‡ª,builtwith-2026-02-18.json,volvo.com
vonage.com,"10,000+",ğŸ‡ºğŸ‡¸ United States,builtwith-2026-02-18.json,vonage.com
vuoriclothing.com,"5,000+",ğŸ‡ºğŸ‡¸ United States,builtwith-2026-02-18 (1).json,vuoriclothing.com
vutu.re,-,ğŸ‡¦ğŸ‡º Australia,builtwith-2026-02-18.json,vutu.re
wal-mart.com,$10000+,ğŸ‡ºğŸ‡¸ United States,builtwith-2026-02-18 (1).json,wal-mart.com
waldenu.edu,High,ğŸ‡ºğŸ‡¸ United States,builtwith-2026-02-18.json,waldenu.edu
walgreens.com,Very High,ğŸ‡ºğŸ‡¸ United States,builtwith-2026-02-18.json,walgreens.com
walmart.ca,"100,000+",ğŸ‡¨ğŸ‡¦,builtwith-2026-02-18 (1).json,walmart.ca
walmart.com,Very High,ğŸ‡ºğŸ‡¸ United States,builtwith-2026-02-18.json,walmart.com
wards.com,$10000+,ğŸ‡ºğŸ‡¸ United States,builtwith-2026-02-18 (1).json,wards.com
wartsila.com,High,ğŸ‡¨ğŸ‡¦,builtwith-2026-02-18.json,wartsila.com
waters.com,High,ğŸ‡ºğŸ‡¸ United States,builtwith-2026-02-18.json,waters.com
wayfair.com,Very High,ğŸ‡ºğŸ‡¸ United States,builtwith-2026-02-18 (1).json,wayfair.com
web.com,High,ğŸ‡ºğŸ‡¸ United States,builtwith-2026-02-18.json,web.com
weber.com,"100,000+",ğŸ‡ºğŸ‡¸ United States,builtwith-2026-02-18.json,weber.com
webex.com,Very High,ğŸ‡ºğŸ‡¸ United States,builtwith-2026-02-18.json,webex.com
wesco.com,Medium,ğŸ‡ºğŸ‡¸ United States,builtwith-2026-02-18 (1).json,wesco.com
westernunion.com,Very High,ğŸ‡ºğŸ‡¸ United States,builtwith-2026-02-18.json,westernunion.com
whirlpool.ca,Medium,ğŸ‡¨ğŸ‡¦,builtwith-2026-02-18 (1).json,whirlpool.ca
whirlpool.com,High,ğŸ‡ºğŸ‡¸ United States,builtwith-2026-02-18.json,whirlpool.com
whittierdailynews.com,"2,830+",,builtwith-2026-02-18 (3).json,whittierdailynews.com
widia.com,"1,000+",ğŸ‡ºğŸ‡¸ United States,builtwith-2026-02-18 (1).json,widia.com
wiley.com,Very High,ğŸ‡ºğŸ‡¸ United States,builtwith-2026-02-18.json,wiley.com
wipro.com,"500,000+",ğŸ‡®ğŸ‡³,builtwith-2026-02-18.json,wipro.com
womanwithin.com,"5,000+",ğŸ‡ºğŸ‡¸ United States,builtwith-2026-02-18 (1).json,womanwithin.com
woolworths.com.au,High,ğŸ‡¦ğŸ‡º Australia,builtwith-2026-02-18.json,woolworths.com.au
workday.com,Very High,ğŸ‡²ğŸ‡½,builtwith-2026-02-18.json,workday.com
wsj.com,Very High,ğŸ‡ºğŸ‡¸ United States,builtwith-2026-02-18.json,wsj.com
wyndhamhotels.com,"20,000+",ğŸ‡ºğŸ‡¸ United States,builtwith-2026-02-18.json,wyndhamhotels.com
xero.com,"50,000+",ğŸ‡ºğŸ‡¸ United States,builtwith-2026-02-18.json,xero.com
xfinity.com,Very High,ğŸ‡ºğŸ‡¸ United States,builtwith-2026-02-18.json,xfinity.com
zales.com,"20,000+",ğŸ‡ºğŸ‡¸ United States,builtwith-2026-02-18 (1).json,zales.com
zebra.com,Very High,ğŸ‡ºğŸ‡¸ United States,builtwith-2026-02-18.json,zebra.com
zeiss.com,"20,000+",ğŸ‡ºğŸ‡¸ United States,builtwith-2026-02-18.json,zeiss.com
zscaler.com,"10,000+",ğŸ‡ªğŸ‡¸,builtwith-2026-02-18.json,zscaler.com
